1	1	AR	2062	1	2106	3	1983	10	1855	0	0	0	+11	0	+11	0	+13	+1	+15	+3	+143	195	91	77	27	98	52	45	382	235
2	2	AT	2050	2	2050	7	1878	13	1785	0	+10	+2	+54	+1	+47	+2	+49	+2	+100	+9	+215	162	76	81	5	80	50	32	391	292
3	4	IT	1975	2	2014	13	1743	23	1607	0	+1	−2	−35	0	−19	+2	−2	+2	+52	+13	+242	113	57	42	14	52	31	30	242	186
4	6	ES	1936	1	2036	4	1970	9	1901	+1	+26	+1	+26	+2	+26	+1	+12	+2	+19	−4	−32	47	19	20	8	32	8	7	116	47
5	7	BR	1934	5	1934	8	1891	14	1805	−1	0	−1	0	0	0	+1	+23	−1	+11	+1	+65	46	16	15	15	22	16	8	83	67
6	9	CS	1847	3	1956	7	1880	11	1808	+1	+10	+1	+10	+2	+19	+2	+32	−4	−88	−6	−75	95	41	48	6	49	25	21	239	153
7	11	HU	1829	1	2004	7	1895	14	1787	+1	+34	+1	+22	−1	−5	−2	−32	+2	+21	−6	−89	179	86	88	5	85	56	38	434	349
8	13	DE	1799	11	1821	15	1700	25	1637	0	+8	0	+24	0	+41	−1	+10	+1	−2	+9	+111	100	48	47	5	37	42	21	226	221
9	14	US	1778	12	1784	17	1710	25	1671	0	+17	0	+17	−2	+17	0	+17	+8	+106	+4	+65	17	2	8	7	8	7	2	42	44
10	18	SE	1730	5	1894	15	1710	29	1579	0	+8	0	+8	+3	+38	−5	−36	−6	−84	+5	+43	185	93	83	9	86	70	29	497	369
11	20	NL	1707	3	2003	11	1845	31	1606	+6	+49	+6	+45	+7	+57	+5	+57	−2	+4	−7	−103	136	67	57	12	60	53	23	310	296
11	20	EG	1707	16	1761	20	1690	25	1664	0	+8	0	+8	−1	+8	−1	+8	−1	+9	+4	+32	17	2	6	9	8	6	3	47	42
13	27	RO	1639	23	1652	32	1583	39	1540	+4	+11	+4	+11	+12	+74	0	−3	+10	+93	+1	+55	44	19	20	5	23	16	5	113	98
14	31	FR	1626	9	1640	23	1574	40	1514	+2	+14	+3	+25	+1	+20	+3	+47	+5	+79	+3	+61	129	67	53	9	36	79	14	226	431
15	34	CH	1615	11	1795	23	1563	40	1485	0	+8	−1	+4	−5	−25	−2	+27	−1	+42	−9	−46	125	61	57	7	32	71	22	201	329
16	42	BE	1549	5	1930	15	1752	42	1546	−4	−36	−5	−39	−6	−32	−12	−54	−19	−106	−33	−318	157	82	70	5	56	77	24	322	396