player_id,old_index,new_index,delta_index,old_score,new_score,delta_score,old_coverage,new_coverage,old_tier,new_tier,old_legend,new_legend,active_fact_count,mechanisms
P-00065,0.052,0.0364,-0.0156,0.026,0.0182,-0.0078,0.1,0.07,,,False,False,0,rating_compat_locked_2.1.0
P-00212,0.0453,0.050962,0.005662,0.02265,0.025481,0.002831,0.08,0.09,,,False,False,0,rating_compat_locked_2.1.0
P-00531,0.374,0.34,-0.034,0.187,0.17,-0.017,0.231579,0.2,,,False,False,0,rating_compat_locked_2.1.0
P-00549,0.831037,0.710308,-0.120729,0.485692,0.390205,-0.095487,0.6,0.47,gold,silver,True,True,0,rating_compat_locked_2.1.0
P-01173,0.719,0.7154,-0.0036,0.396,0.3936,-0.0024,0.65,0.64,silver,silver,False,False,0,rating_compat_locked_2.1.0
P-01249,0.2,0.144,-0.056,0.1,0.072,-0.028,0.25,0.18,,,False,False,0,rating_compat_locked_2.1.0
P-01258,0.11,0.077,-0.033,0.055,0.0385,-0.0165,0.1,0.07,,,False,False,0,rating_compat_locked_2.1.0
P-01416,0.32,0.2304,-0.0896,0.16,0.1152,-0.0448,0.25,0.18,,,False,False,0,rating_compat_locked_2.1.0
P-01925,0.048,0.054,0.006,0.024,0.027,0.003,0.08,0.09,,,False,False,0,rating_compat_locked_2.1.0
P-01945,0.0548,0.06165,0.00685,0.0274,0.030825,0.003425,0.08,0.09,,,False,False,0,rating_compat_locked_2.1.0
P-02328,0.0468,0.05265,0.00585,0.0234,0.026325,0.002925,0.08,0.09,,,False,False,0,rating_compat_locked_2.1.0
P-02805,0.46168,0.562869,0.101189,0.23084,0.291913,0.061073,0.368421,0.448718,bronze,bronze,False,False,0,global_annual_recognition:pre_1995_ballondor_ineligible;rating_compat_locked_2.1.0
P-02886,0.0548,0.06165,0.00685,0.0274,0.030825,0.003425,0.08,0.09,,,False,False,0,rating_compat_locked_2.1.0
P-02900,0.0508,0.05715,0.00635,0.0254,0.028575,0.003175,0.08,0.09,,,False,False,0,rating_compat_locked_2.1.0
P-03013,0.517436,0.370466,-0.14697,0.261624,0.185233,-0.076391,0.35,0.24,bronze,,True,False,0,rating_compat_locked_2.1.0
P-03048,0.122656,0.137986,0.01533,0.061328,0.068993,0.007665,0.08,0.09,,,False,False,0,rating_compat_locked_2.1.0
P-03144,0.094206,0.105982,0.011776,0.047103,0.052991,0.005888,0.08,0.09,,,False,False,0,rating_compat_locked_2.1.0
P-03282,0.425,0.374,-0.051,0.2125,0.187,-0.0255,0.263158,0.22,bronze,,False,False,0,rating_compat_locked_2.1.0
P-03367,0.46436,0.33434,-0.13002,0.23218,0.16717,-0.06501,0.25,0.18,bronze,,False,False,0,rating_compat_locked_2.1.0
P-03451,0.36,0.36,0.0,0.18,0.18,0.0,0.263158,0.25,,,False,False,0,rating_compat_locked_2.1.0
P-03472,0.0473,0.053212,0.005912,0.02365,0.026606,0.002956,0.08,0.09,,,False,False,0,rating_compat_locked_2.1.0
P-03493,0.36,0.36,0.0,0.18,0.18,0.0,0.263158,0.25,,,False,False,0,rating_compat_locked_2.1.0
P-03652,0.437,0.437,0.0,0.2185,0.2185,0.0,0.263158,0.25,bronze,bronze,False,False,0,rating_compat_locked_2.1.0
P-03775,0.242,0.22,-0.022,0.121,0.11,-0.011,0.231579,0.2,,,False,False,0,rating_compat_locked_2.1.0
P-03776,0.09931,0.111722,0.012412,0.049655,0.055861,0.006206,0.08,0.09,,,False,False,0,rating_compat_locked_2.1.0
P-03945,0.2,0.144,-0.056,0.1,0.072,-0.028,0.25,0.18,,,False,False,0,rating_compat_locked_2.1.0
P-04154,0.0448,0.0504,0.0056,0.0224,0.0252,0.0028,0.08,0.09,,,False,False,0,rating_compat_locked_2.1.0
P-04188,0.32,0.2304,-0.0896,0.16,0.1152,-0.0448,0.25,0.18,,,False,False,0,rating_compat_locked_2.1.0
P-04224,0.225,0.162,-0.063,0.1125,0.081,-0.0315,0.25,0.18,,,False,False,0,rating_compat_locked_2.1.0
P-04469,0.225,0.162,-0.063,0.1125,0.081,-0.0315,0.25,0.18,,,False,False,0,rating_compat_locked_2.1.0
P-04572,0.070666,0.061834,-0.008832,0.035333,0.030917,-0.004416,0.084211,0.07,,,False,False,0,rating_compat_locked_2.1.0
P-04726,0.0638,0.071774,0.007974,0.0319,0.035887,0.003987,0.08,0.09,,,False,False,0,rating_compat_locked_2.1.0
P-04785,0.11,0.077,-0.033,0.055,0.0385,-0.0165,0.1,0.07,,,False,False,0,rating_compat_locked_2.1.0
P-04834,0.46168,0.562869,0.101189,0.23084,0.291913,0.061073,0.368421,0.448718,bronze,bronze,False,False,0,global_annual_recognition:pre_1995_ballondor_ineligible;rating_compat_locked_2.1.0
P-04888,0.0618,0.069526,0.007726,0.0309,0.034763,0.003863,0.08,0.09,,,False,False,0,rating_compat_locked_2.1.0
P-05174,,0.4,,,0.2,,,0.32,,bronze,,False,2,new_row;active_stage_normalized;club_season_honors
P-05318,0.4406,0.317232,-0.123368,0.2203,0.158616,-0.061684,0.25,0.18,bronze,,False,False,0,rating_compat_locked_2.1.0
P-05385,0.600134,0.47511,-0.125024,0.316756,0.237555,-0.079201,0.52,0.38,bronze,bronze,True,True,0,rating_compat_locked_2.1.0
P-05537,0.057334,0.050166,-0.007168,0.028667,0.025083,-0.003584,0.084211,0.07,,,False,False,0,rating_compat_locked_2.1.0
P-05728,0.274016,0.308172,0.034156,0.137008,0.154086,0.017078,0.23,0.26,,,False,False,0,rating_compat_locked_2.1.0
P-05766,0.36,0.312,-0.048,0.18,0.156,-0.024,0.3,0.26,,,False,False,0,rating_compat_locked_2.1.0
P-06148,0.0975,0.091,-0.0065,0.04875,0.0455,-0.00325,0.15,0.14,,,False,False,0,rating_compat_locked_2.1.0
P-06256,0.0533,0.059962,0.006662,0.02665,0.029981,0.003331,0.08,0.09,,,False,False,0,rating_compat_locked_2.1.0
P-06696,0.0563,0.063338,0.007038,0.02815,0.031669,0.003519,0.08,0.09,,,False,False,0,rating_compat_locked_2.1.0
P-07028,0.991816,0.876151,-0.115665,0.670588,0.651853,-0.018735,0.95,0.9,gold,gold,True,True,0,sparse_fact_count_shrinkage;rating_compat_locked_2.1.0
P-07140,0.425,0.374,-0.051,0.2125,0.187,-0.0255,0.263158,0.22,bronze,,False,False,0,rating_compat_locked_2.1.0
P-07171,0.308,0.28,-0.028,0.154,0.14,-0.014,0.231579,0.2,,,False,False,0,rating_compat_locked_2.1.0
P-07475,0.09538,0.107302,0.011922,0.04769,0.053651,0.005961,0.08,0.09,,,False,False,0,rating_compat_locked_2.1.0
P-07553,0.0458,0.051378,0.005578,0.0229,0.025689,0.002789,0.084211,0.089744,,,False,False,0,global_annual_recognition:pre_1995_ballondor_ineligible;rating_compat_locked_2.1.0
P-07670,0.0503,0.056588,0.006288,0.02515,0.028294,0.003144,0.08,0.09,,,False,False,0,rating_compat_locked_2.1.0
P-08136,0.36,0.312,-0.048,0.18,0.156,-0.024,0.3,0.26,,,False,False,0,rating_compat_locked_2.1.0
P-08169,0.2,0.144,-0.056,0.1,0.072,-0.028,0.25,0.18,,,False,False,0,rating_compat_locked_2.1.0
P-08514,0.31,0.2232,-0.0868,0.155,0.1116,-0.0434,0.25,0.18,,,False,False,0,rating_compat_locked_2.1.0
P-08601,0.747653,0.713333,-0.03432,0.415102,0.392222,-0.02288,0.610526,0.54,silver,silver,True,True,0,rating_compat_locked_2.1.0
P-08623,0.275,0.275,0.0,0.1375,0.1375,0.0,0.263158,0.25,,,False,False,0,rating_compat_locked_2.1.0
P-08896,0.32,0.2304,-0.0896,0.16,0.1152,-0.0448,0.25,0.18,,,False,False,0,rating_compat_locked_2.1.0
P-08916,0.0463,0.052088,0.005788,0.02315,0.026044,0.002894,0.08,0.09,,,False,False,0,rating_compat_locked_2.1.0
P-08939,0.804456,0.771557,-0.032899,0.455124,0.431038,-0.024086,0.610526,0.54,silver,silver,True,True,0,rating_compat_locked_2.1.0
P-09022,0.4608,0.4608,0.0,0.2304,0.2304,0.0,0.263158,0.25,bronze,bronze,False,False,0,rating_compat_locked_2.1.0
P-09113,0.084,0.0945,0.0105,0.042,0.04725,0.00525,0.08,0.09,,,False,False,0,rating_compat_locked_2.1.0
P-09317,0.737587,0.708851,-0.028736,0.408391,0.389234,-0.019157,0.526316,0.47,silver,silver,True,True,0,rating_compat_locked_2.1.0
P-09349,0.260728,0.173966,-0.086762,0.130364,0.086983,-0.043381,0.2,0.13,,,False,False,0,rating_compat_locked_2.1.0
P-09441,0.499992,0.359994,-0.139998,0.249996,0.179997,-0.069999,0.25,0.18,bronze,,False,False,0,rating_compat_locked_2.1.0
P-09658,0.5522,0.520428,-0.031772,0.2848,0.263619,-0.021181,0.48,0.44,bronze,bronze,False,False,0,rating_compat_locked_2.1.0
P-09705,0.0832,0.0936,0.0104,0.0416,0.0468,0.0052,0.08,0.09,,,False,False,0,rating_compat_locked_2.1.0
P-09730,0.53,0.468,-0.062,0.27,0.234,-0.036,0.3,0.26,bronze,bronze,False,False,0,rating_compat_locked_2.1.0
P-09867,0.2,0.144,-0.056,0.1,0.072,-0.028,0.25,0.18,,,False,False,0,rating_compat_locked_2.1.0
P-09973,0.832249,0.830725,-0.001524,0.487086,0.485334,-0.001752,0.65,0.64,gold,gold,False,False,0,rating_compat_locked_2.1.0
P-10244,0.084394,0.07435,-0.010044,0.042197,0.037175,-0.005022,0.13,0.12,,,False,False,0,rating_compat_locked_2.1.0
P-10338,0.36,0.36,0.0,0.18,0.18,0.0,0.263158,0.25,,,False,False,0,rating_compat_locked_2.1.0
P-10712,0.386,0.27792,-0.10808,0.193,0.13896,-0.05404,0.25,0.18,,,False,False,0,rating_compat_locked_2.1.0
P-10739,0.165,0.187,0.022,0.0825,0.0935,0.011,0.15,0.17,,,False,False,0,rating_compat_locked_2.1.0
P-10855,0.425,0.374,-0.051,0.2125,0.187,-0.0255,0.263158,0.22,bronze,,False,False,0,rating_compat_locked_2.1.0
P-10890,0.052,0.066666,0.014666,0.026,0.033333,0.007333,0.105263,0.128205,,,False,False,0,global_annual_recognition:pre_1995_ballondor_ineligible;rating_compat_locked_2.1.0
P-11130,0.225,0.162,-0.063,0.1125,0.081,-0.0315,0.25,0.18,,,False,False,0,rating_compat_locked_2.1.0
P-11262,0.0538,0.060524,0.006724,0.0269,0.030262,0.003362,0.08,0.09,,,False,False,0,rating_compat_locked_2.1.0
P-11275,0.386,0.27792,-0.10808,0.193,0.13896,-0.05404,0.25,0.18,,,False,False,0,rating_compat_locked_2.1.0
P-11392,0.777227,0.681331,-0.095896,0.434818,0.370887,-0.063931,0.58,0.5,silver,silver,True,True,0,rating_compat_locked_2.1.0
P-11562,0.0558,0.062596,0.006796,0.0279,0.031298,0.003398,0.084211,0.089744,,,False,False,0,global_annual_recognition:pre_1995_ballondor_ineligible;rating_compat_locked_2.1.0
P-11702,0.396,0.36,-0.036,0.198,0.18,-0.018,0.231579,0.2,,,False,False,0,rating_compat_locked_2.1.0
P-11737,0.089654,0.080316,-0.009338,0.044827,0.040158,-0.004669,0.13,0.12,,,False,False,0,rating_compat_locked_2.1.0
P-11767,0.0768,0.0864,0.0096,0.0384,0.0432,0.0048,0.08,0.09,,,False,False,0,rating_compat_locked_2.1.0
P-11865,0.843478,0.84,-0.003478,0.5,0.5,0.0,0.5,0.5,gold,gold,True,True,0,single_family_index_saturation;rating_compat_locked_2.1.0
P-12019,0.049334,0.043166,-0.006168,0.024667,0.021583,-0.003084,0.084211,0.07,,,False,False,0,rating_compat_locked_2.1.0
P-12167,0.367354,0.275974,-0.09138,0.183677,0.137987,-0.04569,0.43,0.33,,,False,False,0,rating_compat_locked_2.1.0
P-12272,0.264,0.24,-0.024,0.132,0.12,-0.012,0.231579,0.2,,,False,False,0,rating_compat_locked_2.1.0
P-12467,0.124,0.158974,0.034974,0.062,0.079487,0.017487,0.105263,0.128205,,,False,False,0,global_annual_recognition:pre_1995_ballondor_ineligible;rating_compat_locked_2.1.0
P-12470,0.407806,0.508886,0.10108,0.203903,0.255924,0.052021,0.347368,0.410257,bronze,bronze,False,False,0,global_annual_recognition:pre_1995_ballondor_ineligible;rating_compat_locked_2.1.0
P-12548,0.0498,0.056024,0.006224,0.0249,0.028012,0.003112,0.08,0.09,,,False,False,0,rating_compat_locked_2.1.0
P-12676,0.88587,0.858261,-0.027609,0.54875,0.5455,-0.00325,0.65,0.64,gold,gold,True,True,0,sparse_fact_count_shrinkage;rating_compat_locked_2.1.0
P-12682,0.425,0.374,-0.051,0.2125,0.187,-0.0255,0.263158,0.22,bronze,,False,False,0,rating_compat_locked_2.1.0
P-12810,0.0568,0.0639,0.0071,0.0284,0.03195,0.00355,0.08,0.09,,,False,False,0,rating_compat_locked_2.1.0
P-12818,0.34875,0.2511,-0.09765,0.174375,0.12555,-0.048825,0.25,0.18,,,False,False,0,rating_compat_locked_2.1.0
P-12859,0.11,0.077,-0.033,0.055,0.0385,-0.0165,0.1,0.07,,,False,False,0,rating_compat_locked_2.1.0
P-12940,0.607487,0.59342,-0.014067,0.321658,0.31228,-0.009378,0.494737,0.45,bronze,bronze,False,False,0,rating_compat_locked_2.1.0
P-12996,0.0813,0.091462,0.010162,0.04065,0.045731,0.005081,0.08,0.09,,,False,False,0,rating_compat_locked_2.1.0
P-13141,0.36,0.461538,0.101538,0.18,0.230769,0.050769,0.263158,0.320513,,bronze,False,False,0,global_annual_recognition:pre_1995_ballondor_ineligible;rating_compat_locked_2.1.0
P-13162,0.255,0.289,0.034,0.1275,0.1445,0.017,0.15,0.17,,,False,False,0,rating_compat_locked_2.1.0
P-13265,0.0468,0.05265,0.00585,0.0234,0.026325,0.002925,0.08,0.09,,,False,False,0,rating_compat_locked_2.1.0
P-13354,0.095636,0.085882,-0.009754,0.047818,0.042941,-0.004877,0.18,0.16,,,False,False,0,rating_compat_locked_2.1.0
P-13847,0.14,0.098,-0.042,0.07,0.049,-0.021,0.1,0.07,,,False,False,0,rating_compat_locked_2.1.0
P-14080,0.445774,0.43025,-0.015524,0.222887,0.215125,-0.007762,0.494737,0.45,bronze,bronze,False,False,0,rating_compat_locked_2.1.0
P-14180,0.0498,0.056024,0.006224,0.0249,0.028012,0.003112,0.08,0.09,,,False,False,0,rating_compat_locked_2.1.0
P-14360,0.2,0.144,-0.056,0.1,0.072,-0.028,0.25,0.18,,,False,False,0,rating_compat_locked_2.1.0
P-14406,0.36,0.312,-0.048,0.18,0.156,-0.024,0.3,0.26,,,False,False,0,rating_compat_locked_2.1.0
P-14499,0.10824,0.075768,-0.032472,0.05412,0.037884,-0.016236,0.1,0.07,,,False,False,0,rating_compat_locked_2.1.0
P-14758,0.938413,0.866823,-0.07159,0.609175,0.526846,-0.082329,0.85,0.7,gold,gold,True,True,0,rating_compat_locked_2.1.0
P-14907,0.062666,0.0705,0.007834,0.031333,0.03525,0.003917,0.08,0.09,,,False,False,0,rating_compat_locked_2.1.0
P-15197,0.14,0.098,-0.042,0.07,0.049,-0.021,0.1,0.07,,,False,False,0,rating_compat_locked_2.1.0
P-15674,0.4625,0.333,-0.1295,0.23125,0.1665,-0.06475,0.25,0.18,bronze,,False,False,0,rating_compat_locked_2.1.0
P-16059,0.225,0.162,-0.063,0.1125,0.081,-0.0315,0.25,0.18,,,False,False,0,rating_compat_locked_2.1.0
P-16302,0.27,0.234,-0.036,0.135,0.117,-0.018,0.3,0.26,,,False,False,0,rating_compat_locked_2.1.0
P-16376,0.0668,0.07515,0.00835,0.0334,0.037575,0.004175,0.08,0.09,,,False,False,0,rating_compat_locked_2.1.0
P-16378,0.335,0.2412,-0.0938,0.1675,0.1206,-0.0469,0.25,0.18,,,False,False,0,rating_compat_locked_2.1.0
P-16416,0.11,0.077,-0.033,0.055,0.0385,-0.0165,0.1,0.07,,,False,False,0,rating_compat_locked_2.1.0
P-16557,0.388628,0.298616,-0.090012,0.194314,0.149308,-0.045006,0.33,0.27,,,False,False,0,rating_compat_locked_2.1.0
P-16675,0.386,0.27792,-0.10808,0.193,0.13896,-0.05404,0.25,0.18,,,False,False,0,rating_compat_locked_2.1.0
P-16736,0.32,0.2304,-0.0896,0.16,0.1152,-0.0448,0.25,0.18,,,False,False,0,rating_compat_locked_2.1.0
P-16938,0.414666,0.407834,-0.006832,0.207333,0.203917,-0.003416,0.347368,0.32,bronze,bronze,False,False,0,rating_compat_locked_2.1.0
P-16991,0.597235,0.583025,-0.01421,0.314823,0.30535,-0.009473,0.494737,0.45,bronze,bronze,True,True,0,rating_compat_locked_2.1.0
P-17125,0.14,0.179486,0.039486,0.07,0.089743,0.019743,0.105263,0.128205,,,False,False,0,global_annual_recognition:pre_1995_ballondor_ineligible;rating_compat_locked_2.1.0
P-17136,0.068,0.0765,0.0085,0.034,0.03825,0.00425,0.08,0.09,,,False,False,0,rating_compat_locked_2.1.0
P-17509,0.732647,0.624428,-0.108219,0.405098,0.332952,-0.072146,0.67,0.55,silver,silver,True,True,0,rating_compat_locked_2.1.0
P-17581,0.225,0.162,-0.063,0.1125,0.081,-0.0315,0.25,0.18,,,False,False,0,rating_compat_locked_2.1.0
P-17688,0.3955,0.28476,-0.11074,0.19775,0.14238,-0.05537,0.25,0.18,,,False,False,0,rating_compat_locked_2.1.0
P-18106,0.26476,0.208318,-0.056442,0.13238,0.104159,-0.028221,0.33,0.27,,,False,False,0,rating_compat_locked_2.1.0
P-18379,0.0508,0.05715,0.00635,0.0254,0.028575,0.003175,0.08,0.09,,,False,False,0,rating_compat_locked_2.1.0
P-18523,0.36,0.312,-0.048,0.18,0.156,-0.024,0.3,0.26,,,False,False,0,rating_compat_locked_2.1.0
P-18599,0.624848,0.491012,-0.133836,0.333232,0.245506,-0.087726,0.48,0.36,bronze,bronze,True,True,0,rating_compat_locked_2.1.0
P-18628,0.821913,0.808557,-0.013356,0.4752,0.45984,-0.01536,0.8,0.76,gold,gold,False,False,0,rating_compat_locked_2.1.0
P-18672,0.115018,0.129394,0.014376,0.057509,0.064697,0.007188,0.08,0.09,,,False,False,0,rating_compat_locked_2.1.0
P-18804,0.172776,0.142762,-0.030014,0.086388,0.071381,-0.015007,0.18,0.16,,,False,False,0,rating_compat_locked_2.1.0
P-19136,0.0548,0.06165,0.00685,0.0274,0.030825,0.003425,0.08,0.09,,,False,False,0,rating_compat_locked_2.1.0
P-19156,0.049334,0.0555,0.006166,0.024667,0.02775,0.003083,0.08,0.09,,,False,False,0,rating_compat_locked_2.1.0
P-19241,0.123908,0.107734,-0.016174,0.061954,0.053867,-0.008087,0.18,0.16,,,False,False,0,rating_compat_locked_2.1.0
P-19351,0.2,0.176,-0.024,0.1,0.088,-0.012,0.263158,0.22,,,False,False,0,rating_compat_locked_2.1.0
P-19408,0.733164,0.645981,-0.087183,0.405443,0.347321,-0.058122,0.58,0.5,silver,silver,True,True,0,rating_compat_locked_2.1.0
P-19478,0.0523,0.058838,0.006538,0.02615,0.029419,0.003269,0.08,0.09,,,False,False,0,rating_compat_locked_2.1.0
P-19512,0.0518,0.058276,0.006476,0.0259,0.029138,0.003238,0.08,0.09,,,False,False,0,rating_compat_locked_2.1.0
P-19537,0.0523,0.045762,-0.006538,0.02615,0.022881,-0.003269,0.084211,0.07,,,False,False,0,rating_compat_locked_2.1.0
P-19591,0.0498,0.056024,0.006224,0.0249,0.028012,0.003112,0.08,0.09,,,False,False,0,rating_compat_locked_2.1.0
P-19776,0.1556,0.10892,-0.04668,0.0778,0.05446,-0.02334,0.1,0.07,,,False,False,0,rating_compat_locked_2.1.0
P-19817,0.14,0.179486,0.039486,0.07,0.089743,0.019743,0.105263,0.128205,,,False,False,0,global_annual_recognition:pre_1995_ballondor_ineligible;rating_compat_locked_2.1.0
P-19888,0.4944,0.437872,-0.056528,0.2472,0.218936,-0.028264,0.58,0.5,bronze,bronze,False,False,0,rating_compat_locked_2.1.0
P-20424,0.0468,0.0525,0.0057,0.0234,0.02625,0.00285,0.084211,0.089744,,,False,False,0,global_annual_recognition:pre_1995_ballondor_ineligible;rating_compat_locked_2.1.0
P-20640,0.0573,0.050138,-0.007162,0.02865,0.025069,-0.003581,0.084211,0.07,,,False,False,0,rating_compat_locked_2.1.0
P-20886,0.11,0.077,-0.033,0.055,0.0385,-0.0165,0.1,0.07,,,False,False,0,rating_compat_locked_2.1.0
P-20969,0.0453,0.050962,0.005662,0.02265,0.025481,0.002831,0.08,0.09,,,False,False,0,rating_compat_locked_2.1.0
P-21070,0.2,0.144,-0.056,0.1,0.072,-0.028,0.25,0.18,,,False,False,0,rating_compat_locked_2.1.0
P-21188,0.872245,0.847605,-0.02464,0.533082,0.504746,-0.028336,0.842105,0.74,gold,gold,False,False,0,rating_compat_locked_2.1.0
P-21208,0.0608,0.0684,0.0076,0.0304,0.0342,0.0038,0.08,0.09,,,False,False,0,rating_compat_locked_2.1.0
P-21495,0.0498,0.056024,0.006224,0.0249,0.028012,0.003112,0.08,0.09,,,False,False,0,rating_compat_locked_2.1.0
P-21531,,0.308016,,,0.154008,,,0.18,,,,False,2,new_row;active_stage_normalized
P-21597,0.684785,0.657773,-0.027012,0.37319,0.355182,-0.018008,0.578947,0.52,silver,silver,False,False,0,rating_compat_locked_2.1.0
P-21741,0.0553,0.062212,0.006912,0.02765,0.031106,0.003456,0.08,0.09,,,False,False,0,rating_compat_locked_2.1.0
P-21832,0.0478,0.053774,0.005974,0.0239,0.026887,0.002987,0.08,0.09,,,False,False,0,rating_compat_locked_2.1.0
P-22131,0.665,0.665,0.0,0.36,0.36,0.0,0.5,0.5,silver,silver,False,False,0,rating_compat_locked_2.1.0
P-22224,0.396,0.461538,0.065538,0.198,0.230769,0.032769,0.231579,0.25641,,bronze,False,False,0,global_annual_recognition:pre_1995_ballondor_ineligible;rating_compat_locked_2.1.0
P-22391,0.0463,0.052088,0.005788,0.02315,0.026044,0.002894,0.08,0.09,,,False,False,0,rating_compat_locked_2.1.0
P-22409,0.244746,0.176532,-0.068214,0.122373,0.088266,-0.034107,0.18,0.15,,,False,False,0,rating_compat_locked_2.1.0
P-22428,0.27,0.234,-0.036,0.135,0.117,-0.018,0.3,0.26,,,False,False,0,rating_compat_locked_2.1.0
P-22762,0.760325,0.729583,-0.030742,0.42355,0.403055,-0.020495,0.610526,0.54,silver,silver,True,True,0,rating_compat_locked_2.1.0
P-22793,0.24167,0.192338,-0.049332,0.120835,0.096169,-0.024666,0.33,0.27,,,False,False,0,rating_compat_locked_2.1.0
P-22812,0.076,0.0532,-0.0228,0.038,0.0266,-0.0114,0.1,0.07,,,False,False,0,rating_compat_locked_2.1.0
P-22820,0.259072,0.16945,-0.089622,0.129536,0.084725,-0.044811,0.2,0.13,,,False,False,0,rating_compat_locked_2.1.0
P-22941,0.404826,0.506534,0.101708,0.202413,0.254356,0.051943,0.347368,0.410257,bronze,bronze,False,False,0,global_annual_recognition:pre_1995_ballondor_ineligible;rating_compat_locked_2.1.0
P-23101,0.0493,0.055462,0.006162,0.02465,0.027731,0.003081,0.08,0.09,,,False,False,0,rating_compat_locked_2.1.0
P-23360,0.0528,0.0462,-0.0066,0.0264,0.0231,-0.0033,0.084211,0.07,,,False,False,0,rating_compat_locked_2.1.0
P-23379,0.144,0.0864,-0.0576,0.072,0.0432,-0.0288,0.1,0.06,,,False,False,0,rating_compat_locked_2.1.0
P-23705,0.592191,0.520225,-0.071966,0.311461,0.263483,-0.047978,0.48,0.44,bronze,bronze,True,True,0,rating_compat_locked_2.1.0
P-23800,0.2,0.144,-0.056,0.1,0.072,-0.028,0.25,0.18,,,False,False,0,rating_compat_locked_2.1.0
P-23927,0.0498,0.056024,0.006224,0.0249,0.028012,0.003112,0.08,0.09,,,False,False,0,rating_compat_locked_2.1.0
P-24526,0.052,0.0364,-0.0156,0.026,0.0182,-0.0078,0.1,0.07,,,False,False,0,rating_compat_locked_2.1.0
P-24535,0.24608,0.160074,-0.086006,0.12304,0.080037,-0.043003,0.2,0.13,,,False,False,0,rating_compat_locked_2.1.0
P-24556,0.60751,0.493514,-0.113996,0.321673,0.246757,-0.074916,0.43,0.33,bronze,bronze,True,False,0,rating_compat_locked_2.1.0
P-24621,0.10824,0.075768,-0.032472,0.05412,0.037884,-0.016236,0.1,0.07,,,False,False,0,rating_compat_locked_2.1.0
P-24705,0.104,0.0728,-0.0312,0.052,0.0364,-0.0156,0.1,0.07,,,False,False,0,rating_compat_locked_2.1.0
P-24760,0.0728,0.0819,0.0091,0.0364,0.04095,0.00455,0.08,0.09,,,False,False,0,rating_compat_locked_2.1.0
P-25337,0.275,0.275,0.0,0.1375,0.1375,0.0,0.263158,0.25,,,False,False,0,rating_compat_locked_2.1.0
P-25398,0.0548,0.06165,0.00685,0.0274,0.030825,0.003425,0.08,0.09,,,False,False,0,rating_compat_locked_2.1.0
P-25456,0.534807,0.52496,-0.009847,0.273205,0.26664,-0.006565,0.526316,0.47,bronze,bronze,False,False,0,rating_compat_locked_2.1.0
P-25470,0.24608,0.160074,-0.086006,0.12304,0.080037,-0.043003,0.2,0.13,,,False,False,0,rating_compat_locked_2.1.0
P-25644,0.0448,0.0504,0.0056,0.0224,0.0252,0.0028,0.08,0.09,,,False,False,0,rating_compat_locked_2.1.0
P-25715,0.259072,0.16945,-0.089622,0.129536,0.084725,-0.044811,0.2,0.13,,,False,False,0,rating_compat_locked_2.1.0
P-25741,0.0468,0.05265,0.00585,0.0234,0.026325,0.002925,0.08,0.09,,,False,False,0,rating_compat_locked_2.1.0
P-25745,0.052,0.0585,0.0065,0.026,0.02925,0.00325,0.08,0.09,,,False,False,0,rating_compat_locked_2.1.0
P-25829,0.492402,0.56562,0.073218,0.246201,0.293747,0.047546,0.547368,0.628205,bronze,bronze,False,False,0,global_annual_recognition:pre_1995_ballondor_ineligible;rating_compat_locked_2.1.0
P-25905,0.225,0.162,-0.063,0.1125,0.081,-0.0315,0.25,0.18,,,False,False,0,rating_compat_locked_2.1.0
P-26303,0.0668,0.07515,0.00835,0.0334,0.037575,0.004175,0.08,0.09,,,False,False,0,rating_compat_locked_2.1.0
P-26316,0.5,0.605769,0.105769,0.25,0.320513,0.070513,0.263158,0.320513,bronze,bronze,True,True,0,global_annual_recognition:pre_1995_ballondor_ineligible;rating_compat_locked_2.1.0
P-26572,0.478496,0.367574,-0.110922,0.239248,0.183787,-0.055461,0.33,0.27,bronze,,False,False,0,rating_compat_locked_2.1.0
P-26928,0.27,0.234,-0.036,0.135,0.117,-0.018,0.3,0.26,,,False,False,0,rating_compat_locked_2.1.0
P-27419,0.076,0.0532,-0.0228,0.038,0.0266,-0.0114,0.1,0.07,,,False,False,0,rating_compat_locked_2.1.0
P-27540,0.105326,0.118492,0.013166,0.052663,0.059246,0.006583,0.08,0.09,,,False,False,0,rating_compat_locked_2.1.0
P-27787,0.395298,0.444404,0.049106,0.197649,0.222202,0.024553,0.23,0.26,,bronze,False,False,0,rating_compat_locked_2.1.0
P-27847,0.0458,0.051526,0.005726,0.0229,0.025763,0.002863,0.08,0.09,,,False,False,0,rating_compat_locked_2.1.0
P-28010,0.0663,0.074588,0.008288,0.03315,0.037294,0.004144,0.08,0.09,,,False,False,0,rating_compat_locked_2.1.0
P-28014,0.31,0.2232,-0.0868,0.155,0.1116,-0.0434,0.25,0.18,,,False,False,0,rating_compat_locked_2.1.0
P-28133,0.11,0.066,-0.044,0.055,0.033,-0.022,0.1,0.06,,,False,False,0,rating_compat_locked_2.1.0
P-28151,0.2,0.144,-0.056,0.1,0.072,-0.028,0.25,0.18,,,False,False,0,rating_compat_locked_2.1.0
P-28154,0.535372,0.535161,-0.000211,0.273581,0.273441,-0.00014,0.48,0.44,bronze,bronze,False,False,0,rating_compat_locked_2.1.0
P-28482,0.144,0.0864,-0.0576,0.072,0.0432,-0.0288,0.1,0.06,,,False,False,0,rating_compat_locked_2.1.0
P-28977,0.0463,0.052088,0.005788,0.02315,0.026044,0.002894,0.08,0.09,,,False,False,0,rating_compat_locked_2.1.0
P-29008,0.0,0.0,0.0,0.0,0.0,0.0,0.0,0.0,,,False,False,0,rating_compat_locked_2.1.0
P-29046,0.0463,0.052088,0.005788,0.02315,0.026044,0.002894,0.08,0.09,,,False,False,0,rating_compat_locked_2.1.0
P-29080,0.196652,0.137656,-0.058996,0.098326,0.068828,-0.029498,0.1,0.07,,,False,False,0,rating_compat_locked_2.1.0
P-29090,0.0473,0.053212,0.005912,0.02365,0.026606,0.002956,0.08,0.09,,,False,False,0,rating_compat_locked_2.1.0
P-29117,0.215496,0.192154,-0.023342,0.107748,0.096077,-0.011671,0.18,0.16,,,False,False,0,rating_compat_locked_2.1.0
P-29143,0.275,0.275,0.0,0.1375,0.1375,0.0,0.263158,0.25,,,False,False,0,rating_compat_locked_2.1.0
P-29274,0.057334,0.0645,0.007166,0.028667,0.03225,0.003583,0.08,0.09,,,False,False,0,rating_compat_locked_2.1.0
P-29398,0.2456,0.196896,-0.048704,0.1228,0.098448,-0.024352,0.33,0.27,,,False,False,0,rating_compat_locked_2.1.0
P-29415,0.814798,0.663307,-0.151491,0.467018,0.358871,-0.108147,0.7,0.53,gold,silver,True,True,0,rating_compat_locked_2.1.0
P-29454,0.0523,0.045762,-0.006538,0.02615,0.022881,-0.003269,0.084211,0.07,,,False,False,0,rating_compat_locked_2.1.0
P-29491,0.897806,0.832588,-0.065218,0.562477,0.487476,-0.075001,0.8,0.67,gold,gold,True,True,0,rating_compat_locked_2.1.0
P-29548,0.062666,0.054834,-0.007832,0.031333,0.027417,-0.003916,0.084211,0.07,,,False,False,0,rating_compat_locked_2.1.0
P-29629,0.295014,0.217824,-0.07719,0.147507,0.108912,-0.038595,0.28,0.22,,,False,False,0,rating_compat_locked_2.1.0
P-30014,0.118046,0.132802,0.014756,0.059023,0.066401,0.007378,0.08,0.09,,,False,False,0,rating_compat_locked_2.1.0
P-30316,0.474648,0.360166,-0.114482,0.237324,0.180083,-0.057241,0.33,0.27,bronze,,False,False,0,rating_compat_locked_2.1.0
P-30486,0.537258,0.44537,-0.091888,0.274839,0.222685,-0.052154,0.43,0.34,bronze,bronze,True,False,0,rating_compat_locked_2.1.0
P-30693,0.2,0.144,-0.056,0.1,0.072,-0.028,0.25,0.18,,,False,False,0,rating_compat_locked_2.1.0
P-30711,0.0673,0.075712,0.008412,0.03365,0.037856,0.004206,0.08,0.09,,,False,False,0,rating_compat_locked_2.1.0
P-30739,0.354402,0.344476,-0.009926,0.177201,0.172238,-0.004963,0.347368,0.32,,,False,False,0,rating_compat_locked_2.1.0
P-31125,0.0853,0.095962,0.010662,0.04265,0.047981,0.005331,0.08,0.09,,,False,False,0,rating_compat_locked_2.1.0
P-31235,0.67649,0.635756,-0.040734,0.36766,0.340504,-0.027156,0.610526,0.54,silver,silver,True,True,0,rating_compat_locked_2.1.0
P-31352,0.052,0.0364,-0.0156,0.026,0.0182,-0.0078,0.1,0.07,,,False,False,0,rating_compat_locked_2.1.0
P-31830,0.4608,0.4608,0.0,0.2304,0.2304,0.0,0.263158,0.25,bronze,bronze,False,False,0,rating_compat_locked_2.1.0
P-31839,0.165176,0.165972,0.000796,0.082588,0.082986,0.000398,0.13,0.12,,,False,False,0,rating_compat_locked_2.1.0
P-31850,0.096122,0.11579,0.019668,0.048061,0.057895,0.009834,0.189474,0.217949,,,False,False,0,global_annual_recognition:pre_1995_ballondor_ineligible;rating_compat_locked_2.1.0
P-31928,0.09048,0.116,0.02552,0.04524,0.058,0.01276,0.105263,0.128205,,,False,False,0,global_annual_recognition:pre_1995_ballondor_ineligible;rating_compat_locked_2.1.0
P-32165,0.0473,0.053212,0.005912,0.02365,0.026606,0.002956,0.08,0.09,,,False,False,0,rating_compat_locked_2.1.0
P-32212,0.24572,0.197036,-0.048684,0.12286,0.098518,-0.024342,0.33,0.27,,,False,False,0,rating_compat_locked_2.1.0
P-32342,0.275,0.275,0.0,0.1375,0.1375,0.0,0.263158,0.25,,,False,False,0,rating_compat_locked_2.1.0
P-32448,0.0743,0.083588,0.009288,0.03715,0.041794,0.004644,0.08,0.09,,,False,False,0,rating_compat_locked_2.1.0
P-32499,0.0498,0.056024,0.006224,0.0249,0.028012,0.003112,0.08,0.09,,,False,False,0,rating_compat_locked_2.1.0
P-32512,0.0618,0.069526,0.007726,0.0309,0.034763,0.003863,0.08,0.09,,,False,False,0,rating_compat_locked_2.1.0
P-32575,0.0688,0.0774,0.0086,0.0344,0.0387,0.0043,0.08,0.09,,,False,False,0,rating_compat_locked_2.1.0
P-32798,0.521258,0.400054,-0.121204,0.264172,0.200027,-0.064145,0.33,0.27,bronze,bronze,True,False,0,rating_compat_locked_2.1.0
P-32830,0.780059,0.746452,-0.033607,0.436706,0.414301,-0.022405,0.526316,0.47,silver,silver,True,True,0,rating_compat_locked_2.1.0
P-32958,0.057334,0.064316,0.006982,0.028667,0.032158,0.003491,0.084211,0.089744,,,False,False,0,global_annual_recognition:pre_1995_ballondor_ineligible;rating_compat_locked_2.1.0
P-32967,0.665,0.665,0.0,0.36,0.36,0.0,0.5,0.5,silver,silver,False,False,0,rating_compat_locked_2.1.0
P-33175,0.057334,0.0645,0.007166,0.028667,0.03225,0.003583,0.08,0.09,,,False,False,0,rating_compat_locked_2.1.0
P-33390,0.0503,0.056588,0.006288,0.02515,0.028294,0.003144,0.08,0.09,,,False,False,0,rating_compat_locked_2.1.0
P-33570,0.052,0.0364,-0.0156,0.026,0.0182,-0.0078,0.1,0.07,,,False,False,0,rating_compat_locked_2.1.0
P-33751,0.719082,0.636162,-0.08292,0.396055,0.340775,-0.05528,0.5,0.41,silver,silver,True,True,0,rating_compat_locked_2.1.0
P-33834,0.165,0.187,0.022,0.0825,0.0935,0.011,0.15,0.17,,,False,False,0,rating_compat_locked_2.1.0
P-34192,0.665,0.665,0.0,0.36,0.36,0.0,0.5,0.5,silver,silver,False,False,0,rating_compat_locked_2.1.0
P-34205,0.24347,0.194426,-0.049044,0.121735,0.097213,-0.024522,0.33,0.27,,,False,False,0,rating_compat_locked_2.1.0
P-34326,0.050666,0.044334,-0.006332,0.025333,0.022167,-0.003166,0.084211,0.07,,,False,False,0,rating_compat_locked_2.1.0
P-34403,0.774478,0.74147,-0.033008,0.432985,0.41098,-0.022005,0.526316,0.47,silver,silver,True,True,0,rating_compat_locked_2.1.0
P-34530,0.08538,0.096052,0.010672,0.04269,0.048026,0.005336,0.08,0.09,,,False,False,0,rating_compat_locked_2.1.0
P-34536,0.864674,0.85221,-0.012464,0.524375,0.52275,-0.001625,0.65,0.64,gold,gold,True,True,0,sparse_fact_count_shrinkage;rating_compat_locked_2.1.0
P-34636,0.0683,0.076838,0.008538,0.03415,0.038419,0.004269,0.08,0.09,,,False,False,0,rating_compat_locked_2.1.0
P-34670,0.5879,0.506267,-0.081633,0.3086,0.254178,-0.054422,0.5,0.41,bronze,bronze,True,True,0,rating_compat_locked_2.1.0
P-34802,0.198,0.18,-0.018,0.099,0.09,-0.009,0.231579,0.2,,,False,False,0,rating_compat_locked_2.1.0
P-35082,0.82942,0.806193,-0.023227,0.483833,0.457122,-0.026711,0.863158,0.77,gold,gold,True,True,0,rating_compat_locked_2.1.0
P-35183,0.574527,0.448554,-0.125973,0.299685,0.224277,-0.075408,0.43,0.33,bronze,bronze,True,False,0,rating_compat_locked_2.1.0
P-35246,0.0,0.0,0.0,0.0,0.0,0.0,0.0,0.0,,,False,False,0,rating_compat_locked_2.1.0
P-35408,0.728296,0.594938,-0.133358,0.402197,0.313292,-0.088905,0.6,0.47,silver,bronze,True,True,0,rating_compat_locked_2.1.0
P-35736,0.685909,0.651409,-0.0345,0.373939,0.350939,-0.023,0.757895,0.67,silver,silver,False,False,0,rating_compat_locked_2.1.0
P-36287,0.262002,0.29482,0.032818,0.131001,0.14741,0.016409,0.23,0.26,,,False,False,0,rating_compat_locked_2.1.0
P-36426,0.17963,0.12574,-0.05389,0.089815,0.06287,-0.026945,0.1,0.07,,,False,False,0,rating_compat_locked_2.1.0
P-36502,0.47276,0.424928,-0.047832,0.23638,0.212464,-0.023916,0.494737,0.42,bronze,bronze,False,False,0,rating_compat_locked_2.1.0
P-36515,0.20146,0.184246,-0.017214,0.10073,0.092123,-0.008607,0.18,0.16,,,False,False,0,rating_compat_locked_2.1.0
P-36582,0.594242,0.714241,0.119999,0.312828,0.392827,0.079999,0.368421,0.448718,bronze,silver,True,True,0,global_annual_recognition:pre_1995_ballondor_ineligible;rating_compat_locked_2.1.0
P-36651,0.706265,0.671417,-0.034848,0.38751,0.364278,-0.023232,0.842105,0.74,silver,silver,False,False,0,rating_compat_locked_2.1.0
P-36808,0.171728,0.162172,-0.009556,0.085864,0.081086,-0.004778,0.18,0.16,,,False,False,0,rating_compat_locked_2.1.0
P-36870,0.09118,0.102578,0.011398,0.04559,0.051289,0.005699,0.08,0.09,,,False,False,0,rating_compat_locked_2.1.0
P-36964,0.2444,0.195504,-0.048896,0.1222,0.097752,-0.024448,0.33,0.27,,,False,False,0,rating_compat_locked_2.1.0
P-37090,0.0458,0.051526,0.005726,0.0229,0.025763,0.002863,0.08,0.09,,,False,False,0,rating_compat_locked_2.1.0
P-37126,0.2,0.144,-0.056,0.1,0.072,-0.028,0.25,0.18,,,False,False,0,rating_compat_locked_2.1.0
P-37161,0.45668,0.32881,-0.12787,0.22834,0.164405,-0.063935,0.25,0.18,bronze,,False,False,0,rating_compat_locked_2.1.0
P-37483,0.858963,0.84159,-0.017373,0.517808,0.497829,-0.019979,0.947368,0.84,gold,gold,True,True,0,rating_compat_locked_2.1.0
P-37600,0.218326,0.26055,0.042224,0.109163,0.130275,0.021112,0.189474,0.217949,,,False,False,0,global_annual_recognition:pre_1995_ballondor_ineligible;rating_compat_locked_2.1.0
P-37610,0.739062,0.710375,-0.028687,0.409375,0.39025,-0.019125,0.526316,0.47,silver,silver,True,True,0,rating_compat_locked_2.1.0
P-37735,0.32,0.2304,-0.0896,0.16,0.1152,-0.0448,0.25,0.18,,,False,False,0,rating_compat_locked_2.1.0
P-37760,0.3955,0.28476,-0.11074,0.19775,0.14238,-0.05537,0.25,0.18,,,False,False,0,rating_compat_locked_2.1.0
P-37808,0.665,0.665,0.0,0.36,0.36,0.0,0.5,0.5,silver,silver,False,False,0,rating_compat_locked_2.1.0
P-37840,0.048,0.054,0.006,0.024,0.027,0.003,0.08,0.09,,,False,False,0,rating_compat_locked_2.1.0
P-37893,0.2,0.144,-0.056,0.1,0.072,-0.028,0.25,0.18,,,False,False,0,rating_compat_locked_2.1.0
P-37963,0.36,0.36,0.0,0.18,0.18,0.0,0.263158,0.25,,,False,False,0,rating_compat_locked_2.1.0
P-38027,0.36,0.461538,0.101538,0.18,0.230769,0.050769,0.263158,0.320513,,bronze,False,False,0,global_annual_recognition:pre_1995_ballondor_ineligible;rating_compat_locked_2.1.0
P-38371,0.358402,0.292632,-0.06577,0.179201,0.146316,-0.032885,0.28,0.22,,,False,False,0,rating_compat_locked_2.1.0
P-38556,0.101882,0.114618,0.012736,0.050941,0.057309,0.006368,0.08,0.09,,,False,False,0,rating_compat_locked_2.1.0
P-38682,0.050666,0.057,0.006334,0.025333,0.0285,0.003167,0.08,0.09,,,False,False,0,rating_compat_locked_2.1.0
P-38732,0.11547,0.129904,0.014434,0.057735,0.064952,0.007217,0.08,0.09,,,False,False,0,rating_compat_locked_2.1.0
P-38753,0.0925,0.086334,-0.006166,0.04625,0.043167,-0.003083,0.15,0.14,,,False,False,0,rating_compat_locked_2.1.0
P-38862,0.048,0.054,0.006,0.024,0.027,0.003,0.08,0.09,,,False,False,0,rating_compat_locked_2.1.0
P-38873,0.843478,0.84,-0.003478,0.5,0.5,0.0,0.5,0.5,gold,gold,True,True,0,single_family_index_saturation;rating_compat_locked_2.1.0
P-38878,0.299,0.205248,-0.093752,0.1495,0.102624,-0.046876,0.35,0.24,,,False,False,0,rating_compat_locked_2.1.0
P-38901,0.2423,0.160766,-0.081534,0.12115,0.080383,-0.040767,0.2,0.13,,,False,False,0,rating_compat_locked_2.1.0
P-38906,0.807005,0.878288,0.071283,0.458056,0.540031,0.081975,0.684211,0.794872,silver,gold,True,True,0,global_annual_recognition:pre_1995_ballondor_ineligible;rating_compat_locked_2.1.0
P-39055,0.656375,0.62501,-0.031365,0.35425,0.33334,-0.02091,0.526316,0.47,silver,silver,False,False,0,rating_compat_locked_2.1.0
P-39249,0.0453,0.050962,0.005662,0.02265,0.025481,0.002831,0.08,0.09,,,False,False,0,rating_compat_locked_2.1.0
P-39251,0.19332,0.15934,-0.03398,0.09666,0.07967,-0.01699,0.18,0.16,,,False,False,0,rating_compat_locked_2.1.0
P-39356,0.525339,0.404152,-0.121187,0.266893,0.202076,-0.064817,0.33,0.27,bronze,bronze,True,False,0,rating_compat_locked_2.1.0
P-39460,0.089822,0.10105,0.011228,0.044911,0.050525,0.005614,0.08,0.09,,,False,False,0,rating_compat_locked_2.1.0
P-39584,0.2,0.144,-0.056,0.1,0.072,-0.028,0.25,0.18,,,False,False,0,rating_compat_locked_2.1.0
P-39602,0.0553,0.062212,0.006912,0.02765,0.031106,0.003456,0.08,0.09,,,False,False,0,rating_compat_locked_2.1.0
P-39610,0.0463,0.052088,0.005788,0.02315,0.026044,0.002894,0.08,0.09,,,False,False,0,rating_compat_locked_2.1.0
P-39788,0.052,0.0364,-0.0156,0.026,0.0182,-0.0078,0.1,0.07,,,False,False,0,rating_compat_locked_2.1.0
P-39861,0.0488,0.0549,0.0061,0.0244,0.02745,0.00305,0.08,0.09,,,False,False,0,rating_compat_locked_2.1.0
P-40167,0.0583,0.065588,0.007288,0.02915,0.032794,0.003644,0.08,0.09,,,False,False,0,rating_compat_locked_2.1.0
P-40312,0.0858,0.096524,0.010724,0.0429,0.048262,0.005362,0.08,0.09,,,False,False,0,rating_compat_locked_2.1.0
P-40610,0.0458,0.040076,-0.005724,0.0229,0.020038,-0.002862,0.084211,0.07,,,False,False,0,rating_compat_locked_2.1.0
P-40621,0.0598,0.067274,0.007474,0.0299,0.033637,0.003737,0.08,0.09,,,False,False,0,rating_compat_locked_2.1.0
P-41001,0.28898,0.247216,-0.041764,0.14449,0.123608,-0.020882,0.33,0.27,,,False,False,0,rating_compat_locked_2.1.0
P-41064,0.4608,0.568078,0.107278,0.2304,0.295385,0.064985,0.263158,0.320513,bronze,bronze,False,False,0,global_annual_recognition:pre_1995_ballondor_ineligible;rating_compat_locked_2.1.0
P-41175,0.0603,0.067644,0.007344,0.03015,0.033822,0.003672,0.084211,0.089744,,,False,False,0,global_annual_recognition:pre_1995_ballondor_ineligible;rating_compat_locked_2.1.0
P-41198,0.0448,0.0504,0.0056,0.0224,0.0252,0.0028,0.08,0.09,,,False,False,0,rating_compat_locked_2.1.0
P-41428,0.11,0.077,-0.033,0.055,0.0385,-0.0165,0.1,0.07,,,False,False,0,rating_compat_locked_2.1.0
P-41724,0.0448,0.0504,0.0056,0.0224,0.0252,0.0028,0.08,0.09,,,False,False,0,rating_compat_locked_2.1.0
P-42038,0.48044,0.338926,-0.141514,0.24022,0.169463,-0.070757,0.35,0.24,bronze,,False,False,0,rating_compat_locked_2.1.0
P-42113,0.477658,0.381016,-0.096642,0.238829,0.190508,-0.048321,0.33,0.27,bronze,,False,False,0,rating_compat_locked_2.1.0
P-42224,0.0453,0.050962,0.005662,0.02265,0.025481,0.002831,0.08,0.09,,,False,False,0,rating_compat_locked_2.1.0
P-42227,0.344812,0.302606,-0.042206,0.172406,0.151303,-0.021103,0.4,0.35,,,False,False,0,rating_compat_locked_2.1.0
P-42326,0.225,0.162,-0.063,0.1125,0.081,-0.0315,0.25,0.18,,,False,False,0,rating_compat_locked_2.1.0
P-42534,0.0503,0.056588,0.006288,0.02515,0.028294,0.003144,0.08,0.09,,,False,False,0,rating_compat_locked_2.1.0
P-42749,0.0483,0.054182,0.005882,0.02415,0.027091,0.002941,0.084211,0.089744,,,False,False,0,global_annual_recognition:pre_1995_ballondor_ineligible;rating_compat_locked_2.1.0
P-42808,0.0493,0.055462,0.006162,0.02465,0.027731,0.003081,0.08,0.09,,,False,False,0,rating_compat_locked_2.1.0
P-42895,0.088004,0.099006,0.011002,0.044002,0.049503,0.005501,0.08,0.09,,,False,False,0,rating_compat_locked_2.1.0
P-42911,0.0473,0.053212,0.005912,0.02365,0.026606,0.002956,0.08,0.09,,,False,False,0,rating_compat_locked_2.1.0
P-42918,0.43003,0.327944,-0.102086,0.215015,0.163972,-0.051043,0.33,0.27,bronze,,False,False,0,rating_compat_locked_2.1.0
P-42920,0.631647,0.61763,-0.014017,0.337765,0.32842,-0.009345,0.547368,0.49,silver,bronze,True,True,0,rating_compat_locked_2.1.0
P-43076,0.36,0.461538,0.101538,0.18,0.230769,0.050769,0.263158,0.320513,,bronze,False,False,0,global_annual_recognition:pre_1995_ballondor_ineligible;rating_compat_locked_2.1.0
P-43222,0.750389,0.720866,-0.029523,0.416926,0.397244,-0.019682,0.610526,0.54,silver,silver,True,True,0,rating_compat_locked_2.1.0
P-43400,0.24977,0.201734,-0.048036,0.124885,0.100867,-0.024018,0.33,0.27,,,False,False,0,rating_compat_locked_2.1.0
P-43459,0.088688,0.082776,-0.005912,0.044344,0.041388,-0.002956,0.15,0.14,,,False,False,0,rating_compat_locked_2.1.0
P-43723,0.2,0.144,-0.056,0.1,0.072,-0.028,0.25,0.18,,,False,False,0,rating_compat_locked_2.1.0
P-43736,0.0448,0.050256,0.005456,0.0224,0.025128,0.002728,0.084211,0.089744,,,False,False,0,global_annual_recognition:pre_1995_ballondor_ineligible;rating_compat_locked_2.1.0
P-44016,0.0458,0.051378,0.005578,0.0229,0.025689,0.002789,0.084211,0.089744,,,False,False,0,global_annual_recognition:pre_1995_ballondor_ineligible;rating_compat_locked_2.1.0
P-44201,0.863587,0.85102,-0.012567,0.523125,0.521583,-0.001542,0.65,0.64,gold,gold,True,True,0,sparse_fact_count_shrinkage;rating_compat_locked_2.1.0
P-44462,0.0763,0.085838,0.009538,0.03815,0.042919,0.004769,0.08,0.09,,,False,False,0,rating_compat_locked_2.1.0
P-44763,0.0683,0.076838,0.008538,0.03415,0.038419,0.004269,0.08,0.09,,,False,False,0,rating_compat_locked_2.1.0
P-44926,0.100694,0.11328,0.012586,0.050347,0.05664,0.006293,0.08,0.09,,,False,False,0,rating_compat_locked_2.1.0
P-44934,0.413024,0.315262,-0.097762,0.206512,0.157631,-0.048881,0.43,0.34,bronze,,False,False,0,rating_compat_locked_2.1.0
P-45258,0.2,0.144,-0.056,0.1,0.072,-0.028,0.25,0.18,,,False,False,0,rating_compat_locked_2.1.0
P-45288,0.32,0.2304,-0.0896,0.16,0.1152,-0.0448,0.25,0.18,,,False,False,0,rating_compat_locked_2.1.0
P-45310,0.396,0.461538,0.065538,0.198,0.230769,0.032769,0.231579,0.25641,,bronze,False,False,0,global_annual_recognition:pre_1995_ballondor_ineligible;rating_compat_locked_2.1.0
P-45399,0.31,0.2232,-0.0868,0.155,0.1116,-0.0434,0.25,0.18,,,False,False,0,rating_compat_locked_2.1.0
P-45449,0.0448,0.0504,0.0056,0.0224,0.0252,0.0028,0.08,0.09,,,False,False,0,rating_compat_locked_2.1.0
P-45682,0.0483,0.054338,0.006038,0.02415,0.027169,0.003019,0.08,0.09,,,False,False,0,rating_compat_locked_2.1.0
P-45774,0.46168,0.562869,0.101189,0.23084,0.291913,0.061073,0.368421,0.448718,bronze,bronze,False,False,0,global_annual_recognition:pre_1995_ballondor_ineligible;rating_compat_locked_2.1.0
P-45896,0.124,0.0868,-0.0372,0.062,0.0434,-0.0186,0.1,0.07,,,False,False,0,rating_compat_locked_2.1.0
P-45916,0.11,0.066,-0.044,0.055,0.033,-0.022,0.1,0.06,,,False,False,0,rating_compat_locked_2.1.0
P-45941,0.054666,0.0615,0.006834,0.027333,0.03075,0.003417,0.08,0.09,,,False,False,0,rating_compat_locked_2.1.0
P-45985,0.052,0.0364,-0.0156,0.026,0.0182,-0.0078,0.1,0.07,,,False,False,0,rating_compat_locked_2.1.0
P-46061,0.45668,0.32881,-0.12787,0.22834,0.164405,-0.063935,0.25,0.18,bronze,,False,False,0,rating_compat_locked_2.1.0
P-46080,0.72275,0.823755,0.101005,0.3985,0.477318,0.078818,0.494737,0.576923,silver,gold,True,True,0,global_annual_recognition:pre_1995_ballondor_ineligible;rating_compat_locked_2.1.0
P-46107,0.050666,0.057,0.006334,0.025333,0.0285,0.003167,0.08,0.09,,,False,False,0,rating_compat_locked_2.1.0
P-46358,0.361604,0.261016,-0.100588,0.180802,0.130508,-0.050294,0.35,0.25,,,False,False,0,rating_compat_locked_2.1.0
P-46457,0.0493,0.055462,0.006162,0.02465,0.027731,0.003081,0.08,0.09,,,False,False,0,rating_compat_locked_2.1.0
P-46497,0.152808,0.11528,-0.037528,0.076404,0.05764,-0.018764,0.18,0.15,,,False,False,0,rating_compat_locked_2.1.0
P-47319,0.203682,0.184234,-0.019448,0.101841,0.092117,-0.009724,0.18,0.16,,,False,False,0,rating_compat_locked_2.1.0
P-47321,0.0463,0.052088,0.005788,0.02315,0.026044,0.002894,0.08,0.09,,,False,False,0,rating_compat_locked_2.1.0
P-47401,0.0613,0.068962,0.007662,0.03065,0.034481,0.003831,0.08,0.09,,,False,False,0,rating_compat_locked_2.1.0
P-47627,0.052,0.0364,-0.0156,0.026,0.0182,-0.0078,0.1,0.07,,,False,False,0,rating_compat_locked_2.1.0
P-47833,0.0598,0.067274,0.007474,0.0299,0.033637,0.003737,0.08,0.09,,,False,False,0,rating_compat_locked_2.1.0
P-48250,0.086722,0.097562,0.01084,0.043361,0.048781,0.00542,0.08,0.09,,,False,False,0,rating_compat_locked_2.1.0
P-48279,0.11,0.077,-0.033,0.055,0.0385,-0.0165,0.1,0.07,,,False,False,0,rating_compat_locked_2.1.0
P-48340,0.158352,0.134952,-0.0234,0.079176,0.067476,-0.0117,0.18,0.16,,,False,False,0,rating_compat_locked_2.1.0
P-48686,0.597615,0.583918,-0.013697,0.315077,0.305945,-0.009132,0.526316,0.47,bronze,bronze,True,True,0,rating_compat_locked_2.1.0
P-48712,0.275,0.275,0.0,0.1375,0.1375,0.0,0.263158,0.25,,,False,False,0,rating_compat_locked_2.1.0
P-48772,0.171526,0.141326,-0.0302,0.085763,0.070663,-0.0151,0.18,0.16,,,False,False,0,rating_compat_locked_2.1.0
P-48831,0.52302,0.50148,-0.02154,0.265347,0.250987,-0.01436,0.631579,0.56,bronze,bronze,False,False,0,rating_compat_locked_2.1.0
P-48883,0.242,0.22,-0.022,0.121,0.11,-0.011,0.231579,0.2,,,False,False,0,rating_compat_locked_2.1.0
P-48955,0.550566,0.442968,-0.107598,0.283711,0.221484,-0.062227,0.33,0.27,bronze,bronze,True,False,0,rating_compat_locked_2.1.0
P-48968,0.0563,0.063338,0.007038,0.02815,0.031669,0.003519,0.08,0.09,,,False,False,0,rating_compat_locked_2.1.0
P-49014,0.0753,0.084712,0.009412,0.03765,0.042356,0.004706,0.08,0.09,,,False,False,0,rating_compat_locked_2.1.0
P-49097,0.504265,0.489384,-0.014881,0.252843,0.244692,-0.008151,0.48,0.44,bronze,bronze,False,False,0,rating_compat_locked_2.1.0
P-49114,0.25337,0.20591,-0.04746,0.126685,0.102955,-0.02373,0.33,0.27,,,False,False,0,rating_compat_locked_2.1.0
P-49258,0.0768,0.0864,0.0096,0.0384,0.0432,0.0048,0.08,0.09,,,False,False,0,rating_compat_locked_2.1.0
P-49381,0.53,0.468,-0.062,0.27,0.234,-0.036,0.3,0.26,bronze,bronze,False,False,0,rating_compat_locked_2.1.0
P-49502,0.890645,0.86411,-0.026535,0.554242,0.523726,-0.030516,0.894737,0.78,gold,gold,True,True,0,rating_compat_locked_2.1.0
P-49600,0.475346,0.567968,0.092622,0.237673,0.295312,0.057639,0.452632,0.538462,bronze,bronze,False,True,0,global_annual_recognition:pre_1995_ballondor_ineligible;rating_compat_locked_2.1.0
P-50104,0.108036,0.121542,0.013506,0.054018,0.060771,0.006753,0.08,0.09,,,False,False,0,rating_compat_locked_2.1.0
P-50128,0.781045,0.74732,-0.033725,0.437363,0.41488,-0.022483,0.526316,0.47,silver,silver,True,True,0,rating_compat_locked_2.1.0
P-50470,0.2,0.176,-0.024,0.1,0.088,-0.012,0.263158,0.22,,,False,False,0,rating_compat_locked_2.1.0
P-50522,0.0553,0.062212,0.006912,0.02765,0.031106,0.003456,0.08,0.09,,,False,False,0,rating_compat_locked_2.1.0
P-50534,0.10358,0.116528,0.012948,0.05179,0.058264,0.006474,0.08,0.09,,,False,False,0,rating_compat_locked_2.1.0
P-50564,0.75496,0.720314,-0.034646,0.419973,0.396876,-0.023097,0.526316,0.47,silver,silver,True,True,0,rating_compat_locked_2.1.0
P-50787,0.0598,0.067274,0.007474,0.0299,0.033637,0.003737,0.08,0.09,,,False,False,0,rating_compat_locked_2.1.0
P-50931,0.095,0.088666,-0.006334,0.0475,0.044333,-0.003167,0.15,0.14,,,False,False,0,rating_compat_locked_2.1.0
P-50973,0.0613,0.068962,0.007662,0.03065,0.034481,0.003831,0.08,0.09,,,False,False,0,rating_compat_locked_2.1.0
P-51089,0.599378,0.517679,-0.081699,0.316252,0.261786,-0.054466,0.48,0.44,bronze,bronze,True,True,0,rating_compat_locked_2.1.0
P-51130,0.789019,0.676574,-0.112445,0.442679,0.367716,-0.074963,0.85,0.7,silver,silver,True,True,0,rating_compat_locked_2.1.0
P-51201,0.392,0.28224,-0.10976,0.196,0.14112,-0.05488,0.25,0.18,,,False,False,0,rating_compat_locked_2.1.0
P-51219,0.1025,0.095666,-0.006834,0.05125,0.047833,-0.003417,0.15,0.14,,,False,False,0,rating_compat_locked_2.1.0
P-51336,0.646972,0.596716,-0.050256,0.347981,0.314477,-0.033504,0.48,0.44,silver,bronze,True,True,0,rating_compat_locked_2.1.0
P-51349,0.36,0.461538,0.101538,0.18,0.230769,0.050769,0.263158,0.320513,,bronze,False,False,0,global_annual_recognition:pre_1995_ballondor_ineligible;rating_compat_locked_2.1.0
P-51382,0.843478,0.843478,0.0,0.5,0.5,0.0,0.5,0.5,gold,gold,True,True,0,rating_compat_locked_2.1.0
P-51395,0.856819,0.734198,-0.122621,0.515342,0.406132,-0.10921,0.7,0.53,gold,silver,True,True,0,rating_compat_locked_2.1.0
P-51472,0.0528,0.0594,0.0066,0.0264,0.0297,0.0033,0.08,0.09,,,False,False,0,rating_compat_locked_2.1.0
P-51668,0.095,0.088666,-0.006334,0.0475,0.044333,-0.003167,0.15,0.14,,,False,False,0,rating_compat_locked_2.1.0
P-51894,0.052,0.0364,-0.0156,0.026,0.0182,-0.0078,0.1,0.07,,,False,False,0,rating_compat_locked_2.1.0
P-51917,0.0588,0.06615,0.00735,0.0294,0.033075,0.003675,0.08,0.09,,,False,False,0,rating_compat_locked_2.1.0
P-51931,0.2,0.144,-0.056,0.1,0.072,-0.028,0.25,0.18,,,False,False,0,rating_compat_locked_2.1.0
P-52002,0.80549,0.773207,-0.032283,0.456313,0.432138,-0.024175,0.8,0.76,silver,silver,False,False,0,rating_compat_locked_2.1.0
P-52271,0.518,0.50324,-0.01476,0.262,0.25216,-0.00984,0.526316,0.47,bronze,bronze,False,False,0,rating_compat_locked_2.1.0
P-52458,0.0458,0.051526,0.005726,0.0229,0.025763,0.002863,0.08,0.09,,,False,False,0,rating_compat_locked_2.1.0
P-52461,0.050666,0.044334,-0.006332,0.025333,0.022167,-0.003166,0.084211,0.07,,,False,False,0,rating_compat_locked_2.1.0
P-52816,0.663268,0.644597,-0.018671,0.358845,0.346398,-0.012447,0.631579,0.56,silver,silver,True,True,0,rating_compat_locked_2.1.0
P-53048,0.0618,0.069526,0.007726,0.0309,0.034763,0.003863,0.08,0.09,,,False,False,0,rating_compat_locked_2.1.0
P-53062,0.527991,0.408612,-0.119379,0.268661,0.204306,-0.064355,0.33,0.27,bronze,bronze,True,False,0,rating_compat_locked_2.1.0
P-53202,0.18712,0.231224,0.044104,0.09356,0.115612,0.022052,0.189474,0.217949,,,False,False,0,global_annual_recognition:pre_1995_ballondor_ineligible;rating_compat_locked_2.1.0
P-53255,0.665,0.665,0.0,0.36,0.36,0.0,0.5,0.5,silver,silver,False,False,0,rating_compat_locked_2.1.0
P-53270,0.2,0.144,-0.056,0.1,0.072,-0.028,0.25,0.18,,,False,False,0,rating_compat_locked_2.1.0
P-53282,0.04,0.024,-0.016,0.02,0.012,-0.008,0.05,0.03,,,False,False,0,rating_compat_locked_2.1.0
P-53430,0.11,0.141026,0.031026,0.055,0.070513,0.015513,0.105263,0.128205,,,False,False,0,global_annual_recognition:pre_1995_ballondor_ineligible;rating_compat_locked_2.1.0
P-53452,0.098648,0.110978,0.01233,0.049324,0.055489,0.006165,0.08,0.09,,,False,False,0,rating_compat_locked_2.1.0
P-53716,0.173598,0.139214,-0.034384,0.086799,0.069607,-0.017192,0.18,0.15,,,False,False,0,rating_compat_locked_2.1.0
P-53723,0.2,0.144,-0.056,0.1,0.072,-0.028,0.25,0.18,,,False,False,0,rating_compat_locked_2.1.0
P-53800,0.198,0.18,-0.018,0.099,0.09,-0.009,0.231579,0.2,,,False,False,0,rating_compat_locked_2.1.0
P-53882,0.809391,0.809391,0.0,0.4608,0.4608,0.0,0.5,0.5,gold,gold,False,False,0,rating_compat_locked_2.1.0
P-53957,0.08076,0.090854,0.010094,0.04038,0.045427,0.005047,0.08,0.09,,,False,False,0,rating_compat_locked_2.1.0
P-54040,0.275,0.275,0.0,0.1375,0.1375,0.0,0.263158,0.25,,,False,False,0,rating_compat_locked_2.1.0
P-54287,0.144,0.0864,-0.0576,0.072,0.0432,-0.0288,0.1,0.06,,,False,False,0,rating_compat_locked_2.1.0
P-54298,0.0528,0.0594,0.0066,0.0264,0.0297,0.0033,0.08,0.09,,,False,False,0,rating_compat_locked_2.1.0
P-54903,0.1556,0.10892,-0.04668,0.0778,0.05446,-0.02334,0.1,0.07,,,False,False,0,rating_compat_locked_2.1.0
P-55024,0.396,0.36,-0.036,0.198,0.18,-0.018,0.231579,0.2,,,False,False,0,rating_compat_locked_2.1.0
P-55097,0.22,0.25641,0.03641,0.11,0.128205,0.018205,0.231579,0.25641,,,False,False,0,global_annual_recognition:pre_1995_ballondor_ineligible;rating_compat_locked_2.1.0
P-55404,0.0628,0.07065,0.00785,0.0314,0.035325,0.003925,0.08,0.09,,,False,False,0,rating_compat_locked_2.1.0
P-55511,0.542419,0.395006,-0.147413,0.278279,0.197503,-0.080776,0.35,0.24,bronze,,True,False,0,rating_compat_locked_2.1.0
P-55518,0.0468,0.05265,0.00585,0.0234,0.026325,0.002925,0.08,0.09,,,False,False,0,rating_compat_locked_2.1.0
P-55590,0.2,0.144,-0.056,0.1,0.072,-0.028,0.25,0.18,,,False,False,0,rating_compat_locked_2.1.0
P-55659,0.717326,0.572623,-0.144703,0.394884,0.298415,-0.096469,0.52,0.38,silver,bronze,True,True,0,rating_compat_locked_2.1.0
P-55734,0.049334,0.055342,0.006008,0.024667,0.027671,0.003004,0.084211,0.089744,,,False,False,0,global_annual_recognition:pre_1995_ballondor_ineligible;rating_compat_locked_2.1.0
P-55781,0.08902,0.100148,0.011128,0.04451,0.050074,0.005564,0.08,0.09,,,False,False,0,rating_compat_locked_2.1.0
P-55794,0.0543,0.047512,-0.006788,0.02715,0.023756,-0.003394,0.084211,0.07,,,False,False,0,rating_compat_locked_2.1.0
P-55991,0.649989,0.590233,-0.059756,0.349993,0.310155,-0.039838,0.67,0.55,silver,bronze,False,False,0,rating_compat_locked_2.1.0
P-56023,0.0538,0.060524,0.006724,0.0269,0.030262,0.003362,0.08,0.09,,,False,False,0,rating_compat_locked_2.1.0
P-56029,0.73688,0.586845,-0.150035,0.40792,0.307897,-0.100023,0.52,0.38,silver,bronze,True,True,0,rating_compat_locked_2.1.0
P-56330,0.83895,0.700593,-0.138357,0.494792,0.383729,-0.111063,0.7,0.53,gold,silver,True,True,0,rating_compat_locked_2.1.0
P-56430,0.927858,0.852982,-0.074876,0.597037,0.510929,-0.086108,0.85,0.7,gold,gold,True,True,0,rating_compat_locked_2.1.0
P-56486,0.53,0.468,-0.062,0.27,0.234,-0.036,0.3,0.26,bronze,bronze,False,False,0,rating_compat_locked_2.1.0
P-56703,0.36,0.312,-0.048,0.18,0.156,-0.024,0.3,0.26,,,False,False,0,rating_compat_locked_2.1.0
P-56735,0.335,0.2412,-0.0938,0.1675,0.1206,-0.0469,0.25,0.18,,,False,False,0,rating_compat_locked_2.1.0
P-56788,0.35035,0.340932,-0.009418,0.175175,0.170466,-0.004709,0.347368,0.32,,,False,False,0,rating_compat_locked_2.1.0
P-56947,0.559838,0.492202,-0.067636,0.289892,0.246101,-0.043791,0.58,0.5,bronze,bronze,True,False,0,rating_compat_locked_2.1.0
P-57021,0.2,0.144,-0.056,0.1,0.072,-0.028,0.25,0.18,,,False,False,0,rating_compat_locked_2.1.0
P-57248,0.381038,0.29591,-0.085128,0.190519,0.147955,-0.042564,0.33,0.27,,,False,False,0,rating_compat_locked_2.1.0
P-57361,0.870333,0.745996,-0.124337,0.530883,0.413997,-0.116886,0.8,0.6,gold,silver,True,True,0,rating_compat_locked_2.1.0
P-57482,0.0503,0.056588,0.006288,0.02515,0.028294,0.003144,0.08,0.09,,,False,False,0,rating_compat_locked_2.1.0
P-57496,0.8161,0.676725,-0.139375,0.468515,0.367817,-0.100698,0.7,0.53,gold,silver,True,True,0,rating_compat_locked_2.1.0
P-57606,0.0468,0.05265,0.00585,0.0234,0.026325,0.002925,0.08,0.09,,,False,False,0,rating_compat_locked_2.1.0
P-57722,0.052,0.0364,-0.0156,0.026,0.0182,-0.0078,0.1,0.07,,,False,False,0,rating_compat_locked_2.1.0
P-57787,0.4608,0.4608,0.0,0.2304,0.2304,0.0,0.263158,0.25,bronze,bronze,False,False,0,rating_compat_locked_2.1.0
P-57865,0.099508,0.111946,0.012438,0.049754,0.055973,0.006219,0.08,0.09,,,False,False,0,rating_compat_locked_2.1.0
P-57982,0.070666,0.0795,0.008834,0.035333,0.03975,0.004417,0.08,0.09,,,False,False,0,rating_compat_locked_2.1.0
P-58080,0.698101,0.812913,0.114812,0.382067,0.46485,0.082783,0.6,0.705128,silver,gold,True,True,0,global_annual_recognition:pre_1995_ballondor_ineligible;rating_compat_locked_2.1.0
P-58094,0.050666,0.057,0.006334,0.025333,0.0285,0.003167,0.08,0.09,,,False,False,0,rating_compat_locked_2.1.0
P-58212,0.10267,0.115504,0.012834,0.051335,0.057752,0.006417,0.08,0.09,,,False,False,0,rating_compat_locked_2.1.0
P-58374,0.642616,0.613868,-0.028748,0.345077,0.325912,-0.019165,0.578947,0.52,silver,bronze,True,True,0,rating_compat_locked_2.1.0
P-58383,0.0528,0.0594,0.0066,0.0264,0.0297,0.0033,0.08,0.09,,,False,False,0,rating_compat_locked_2.1.0
P-58388,0.799097,0.63725,-0.161847,0.449398,0.3415,-0.107898,0.52,0.38,silver,silver,True,True,0,rating_compat_locked_2.1.0
P-58404,0.076,0.097436,0.021436,0.038,0.048718,0.010718,0.105263,0.128205,,,False,False,0,global_annual_recognition:pre_1995_ballondor_ineligible;rating_compat_locked_2.1.0
P-58755,0.0548,0.06165,0.00685,0.0274,0.030825,0.003425,0.08,0.09,,,False,False,0,rating_compat_locked_2.1.0
P-58772,0.0483,0.054338,0.006038,0.02415,0.027169,0.003019,0.08,0.09,,,False,False,0,rating_compat_locked_2.1.0
P-58924,0.550288,0.539919,-0.010369,0.283525,0.276613,-0.006912,0.53,0.47,bronze,bronze,False,False,0,rating_compat_locked_2.1.0
P-59138,0.303176,0.263684,-0.039492,0.151588,0.131842,-0.019746,0.33,0.27,,,False,False,0,rating_compat_locked_2.1.0
P-59191,0.16796,0.132722,-0.035238,0.08398,0.066361,-0.017619,0.18,0.15,,,False,False,0,rating_compat_locked_2.1.0
P-59199,0.096136,0.108154,0.012018,0.048068,0.054077,0.006009,0.08,0.09,,,False,False,0,rating_compat_locked_2.1.0
P-59298,0.049334,0.0555,0.006166,0.024667,0.02775,0.003083,0.08,0.09,,,False,False,0,rating_compat_locked_2.1.0
P-59574,0.888731,0.863498,-0.025233,0.552041,0.523023,-0.029018,0.842105,0.74,gold,gold,True,True,0,rating_compat_locked_2.1.0
P-59702,0.0448,0.0504,0.0056,0.0224,0.0252,0.0028,0.08,0.09,,,False,False,0,rating_compat_locked_2.1.0
P-59774,0.496138,0.589559,0.093421,0.248069,0.309706,0.061637,0.452632,0.538462,bronze,bronze,False,False,0,global_annual_recognition:pre_1995_ballondor_ineligible;rating_compat_locked_2.1.0
P-59901,0.102556,0.115376,0.01282,0.051278,0.057688,0.00641,0.08,0.09,,,False,False,0,rating_compat_locked_2.1.0
P-59950,0.14,0.098,-0.042,0.07,0.049,-0.021,0.1,0.07,,,False,False,0,rating_compat_locked_2.1.0
P-60371,0.181004,0.204254,0.02325,0.090502,0.102127,0.011625,0.23,0.26,,,False,False,0,rating_compat_locked_2.1.0
P-60513,0.53,0.468,-0.062,0.27,0.234,-0.036,0.3,0.26,bronze,bronze,False,False,0,rating_compat_locked_2.1.0
P-60592,0.1556,0.10892,-0.04668,0.0778,0.05446,-0.02334,0.1,0.07,,,False,False,0,rating_compat_locked_2.1.0
P-60597,0.048,0.054,0.006,0.024,0.027,0.003,0.08,0.09,,,False,False,0,rating_compat_locked_2.1.0
P-61251,0.862152,0.83667,-0.025482,0.521475,0.492171,-0.029304,0.947368,0.84,gold,gold,True,True,0,rating_compat_locked_2.1.0
P-61292,0.176906,0.153584,-0.023322,0.088453,0.076792,-0.011661,0.18,0.16,,,False,False,0,rating_compat_locked_2.1.0
P-61478,0.368586,0.27744,-0.091146,0.184293,0.13872,-0.045573,0.43,0.33,,,False,False,0,rating_compat_locked_2.1.0
P-61528,0.0598,0.067274,0.007474,0.0299,0.033637,0.003737,0.08,0.09,,,False,False,0,rating_compat_locked_2.1.0
P-61684,0.064,0.072,0.008,0.032,0.036,0.004,0.08,0.09,,,False,False,0,rating_compat_locked_2.1.0
P-61703,0.605114,0.46741,-0.137704,0.320076,0.233705,-0.086371,0.35,0.25,bronze,bronze,True,False,0,rating_compat_locked_2.1.0
P-61793,0.710001,0.637074,-0.072927,0.390001,0.341383,-0.048618,0.53,0.47,silver,silver,True,True,0,rating_compat_locked_2.1.0
P-61872,0.2,0.144,-0.056,0.1,0.072,-0.028,0.25,0.18,,,False,False,0,rating_compat_locked_2.1.0
P-61954,0.20914,0.150274,-0.058866,0.10457,0.075137,-0.029433,0.23,0.18,,,False,False,0,rating_compat_locked_2.1.0
P-62157,0.643425,0.523362,-0.120063,0.345617,0.265575,-0.080042,0.6,0.47,silver,bronze,True,True,0,rating_compat_locked_2.1.0
P-62193,0.36,0.461538,0.101538,0.18,0.230769,0.050769,0.263158,0.320513,,bronze,False,False,0,global_annual_recognition:pre_1995_ballondor_ineligible;rating_compat_locked_2.1.0
P-62209,0.459608,0.32387,-0.135738,0.229804,0.161935,-0.067869,0.45,0.31,bronze,,False,False,0,rating_compat_locked_2.1.0
P-62214,0.728643,0.699619,-0.029024,0.402429,0.383079,-0.01935,0.526316,0.47,silver,silver,True,True,0,rating_compat_locked_2.1.0
P-62341,0.526598,0.614884,0.088286,0.267732,0.326589,0.058857,0.27,0.533333,bronze,bronze,True,True,1,active_stage_normalized;club_season_honors;rating_compat_locked_2.1.0
P-62594,0.052,0.0364,-0.0156,0.026,0.0182,-0.0078,0.1,0.07,,,False,False,0,rating_compat_locked_2.1.0
P-62722,0.912872,0.841957,-0.070915,0.579803,0.49825,-0.081553,0.85,0.7,gold,gold,True,True,0,rating_compat_locked_2.1.0
P-62808,0.11,0.066,-0.044,0.055,0.033,-0.022,0.1,0.06,,,False,False,0,rating_compat_locked_2.1.0
P-62861,0.242,0.22,-0.022,0.121,0.11,-0.011,0.231579,0.2,,,False,False,0,rating_compat_locked_2.1.0
P-63214,0.0578,0.050576,-0.007224,0.0289,0.025288,-0.003612,0.084211,0.07,,,False,False,0,rating_compat_locked_2.1.0
P-63266,0.705426,0.666415,-0.039011,0.386951,0.360943,-0.026008,0.757895,0.67,silver,silver,True,True,0,rating_compat_locked_2.1.0
P-63312,0.2,0.144,-0.056,0.1,0.072,-0.028,0.25,0.18,,,False,False,0,rating_compat_locked_2.1.0
P-63416,0.339824,0.253706,-0.086118,0.169912,0.126853,-0.043059,0.43,0.33,,,False,False,0,rating_compat_locked_2.1.0
P-63774,0.225,0.162,-0.063,0.1125,0.081,-0.0315,0.25,0.18,,,False,False,0,rating_compat_locked_2.1.0
P-63826,0.809391,0.809391,0.0,0.4608,0.4608,0.0,0.5,0.5,gold,gold,False,False,0,rating_compat_locked_2.1.0
P-63835,0.072,0.063,-0.009,0.036,0.0315,-0.0045,0.084211,0.07,,,False,False,0,rating_compat_locked_2.1.0
P-63927,0.483432,0.384126,-0.099306,0.241716,0.192063,-0.049653,0.33,0.27,bronze,,False,False,0,rating_compat_locked_2.1.0
P-64049,0.0733,0.082462,0.009162,0.03665,0.041231,0.004581,0.08,0.09,,,False,False,0,rating_compat_locked_2.1.0
P-64077,0.85777,0.800552,-0.057218,0.516436,0.450635,-0.065801,0.75,0.64,gold,gold,True,True,0,rating_compat_locked_2.1.0
P-64102,0.28315,0.240454,-0.042696,0.141575,0.120227,-0.021348,0.33,0.27,,,False,False,0,rating_compat_locked_2.1.0
P-64104,0.0453,0.050962,0.005662,0.02265,0.025481,0.002831,0.08,0.09,,,False,False,0,rating_compat_locked_2.1.0
P-64138,0.53675,0.532156,-0.004594,0.2745,0.271437,-0.003063,0.347368,0.32,bronze,bronze,True,True,0,rating_compat_locked_2.1.0
P-64261,0.0448,0.0504,0.0056,0.0224,0.0252,0.0028,0.08,0.09,,,False,False,0,rating_compat_locked_2.1.0
P-64344,0.064,0.072,0.008,0.032,0.036,0.004,0.08,0.09,,,False,False,0,rating_compat_locked_2.1.0
P-64348,0.525672,0.402164,-0.123508,0.267115,0.201082,-0.066033,0.33,0.27,bronze,bronze,True,False,0,rating_compat_locked_2.1.0
P-64553,0.36,0.461538,0.101538,0.18,0.230769,0.050769,0.263158,0.320513,,bronze,False,False,0,global_annual_recognition:pre_1995_ballondor_ineligible;rating_compat_locked_2.1.0
P-64619,0.054666,0.0615,0.006834,0.027333,0.03075,0.003417,0.08,0.09,,,False,False,0,rating_compat_locked_2.1.0
P-64760,0.817903,0.658678,-0.159225,0.470589,0.355785,-0.114804,0.62,0.44,gold,silver,True,True,0,rating_compat_locked_2.1.0
P-64788,0.36,0.461538,0.101538,0.18,0.230769,0.050769,0.263158,0.320513,,bronze,False,False,0,global_annual_recognition:pre_1995_ballondor_ineligible;rating_compat_locked_2.1.0
P-65182,0.08811,0.099124,0.011014,0.044055,0.049562,0.005507,0.08,0.09,,,False,False,0,rating_compat_locked_2.1.0
P-65220,0.27,0.234,-0.036,0.135,0.117,-0.018,0.3,0.26,,,False,False,0,rating_compat_locked_2.1.0
P-65224,0.2,0.176,-0.024,0.1,0.088,-0.012,0.263158,0.22,,,False,False,0,rating_compat_locked_2.1.0
P-65498,0.2,0.144,-0.056,0.1,0.072,-0.028,0.25,0.18,,,False,False,0,rating_compat_locked_2.1.0
P-65534,0.49579,0.375342,-0.120448,0.247895,0.187671,-0.060224,0.33,0.27,bronze,,False,False,0,rating_compat_locked_2.1.0
P-65590,0.0463,0.052088,0.005788,0.02315,0.026044,0.002894,0.08,0.09,,,False,False,0,rating_compat_locked_2.1.0
P-65611,0.0483,0.054338,0.006038,0.02415,0.027169,0.003019,0.08,0.09,,,False,False,0,rating_compat_locked_2.1.0
P-65659,,0.024,,,0.012,,,0.03,,,,False,1,new_row;active_stage_normalized
P-65802,0.0533,0.059962,0.006662,0.02665,0.029981,0.003331,0.08,0.09,,,False,False,0,rating_compat_locked_2.1.0
P-65816,0.0488,0.0549,0.0061,0.0244,0.02745,0.00305,0.08,0.09,,,False,False,0,rating_compat_locked_2.1.0
P-65885,0.911089,0.858193,-0.052896,0.577752,0.564029,-0.013723,0.95,0.9,gold,gold,False,False,0,sparse_fact_count_shrinkage;rating_compat_locked_2.1.0
P-65942,0.0448,0.0504,0.0056,0.0224,0.0252,0.0028,0.08,0.09,,,False,False,0,rating_compat_locked_2.1.0
P-65979,0.0478,0.053774,0.005974,0.0239,0.026887,0.002987,0.08,0.09,,,False,False,0,rating_compat_locked_2.1.0
P-66229,0.2,0.144,-0.056,0.1,0.072,-0.028,0.25,0.18,,,False,False,0,rating_compat_locked_2.1.0
P-66405,0.36,0.36,0.0,0.18,0.18,0.0,0.263158,0.25,,,False,False,0,rating_compat_locked_2.1.0
P-66658,0.2,0.144,-0.056,0.1,0.072,-0.028,0.25,0.18,,,False,False,0,rating_compat_locked_2.1.0
P-67143,0.0,0.0,0.0,0.0,0.0,0.0,0.0,0.0,,,False,False,0,rating_compat_locked_2.1.0
P-67232,0.0852,0.095578,0.010378,0.0426,0.047789,0.005189,0.084211,0.089744,,,False,False,0,global_annual_recognition:pre_1995_ballondor_ineligible;rating_compat_locked_2.1.0
P-67256,0.0448,0.0504,0.0056,0.0224,0.0252,0.0028,0.08,0.09,,,False,False,0,rating_compat_locked_2.1.0
P-67297,0.2,0.144,-0.056,0.1,0.072,-0.028,0.25,0.18,,,False,False,0,rating_compat_locked_2.1.0
P-67652,0.4379,0.386834,-0.051066,0.21895,0.193417,-0.025533,0.45,0.4,bronze,,False,False,0,rating_compat_locked_2.1.0
P-67713,0.36,0.36,0.0,0.18,0.18,0.0,0.263158,0.25,,,False,False,0,rating_compat_locked_2.1.0
P-68055,0.0458,0.051526,0.005726,0.0229,0.025763,0.002863,0.08,0.09,,,False,False,0,rating_compat_locked_2.1.0
P-68125,0.0493,0.055462,0.006162,0.02465,0.027731,0.003081,0.08,0.09,,,False,False,0,rating_compat_locked_2.1.0
P-68170,0.630221,0.614069,-0.016152,0.336814,0.326046,-0.010768,0.547368,0.49,bronze,bronze,False,False,0,rating_compat_locked_2.1.0
P-68463,0.14,0.179486,0.039486,0.07,0.089743,0.019743,0.105263,0.128205,,,False,False,0,global_annual_recognition:pre_1995_ballondor_ineligible;rating_compat_locked_2.1.0
P-68584,0.344052,0.33542,-0.008632,0.172026,0.16771,-0.004316,0.347368,0.32,,,False,False,0,rating_compat_locked_2.1.0
P-68662,0.0453,0.050962,0.005662,0.02265,0.025481,0.002831,0.08,0.09,,,False,False,0,rating_compat_locked_2.1.0
P-68671,0.1958,0.240754,0.044954,0.0979,0.120377,0.022477,0.189474,0.217949,,,False,False,0,global_annual_recognition:pre_1995_ballondor_ineligible;rating_compat_locked_2.1.0
P-68803,0.2,0.144,-0.056,0.1,0.072,-0.028,0.25,0.18,,,False,False,0,rating_compat_locked_2.1.0
P-68890,0.0633,0.071212,0.007912,0.03165,0.035606,0.003956,0.08,0.09,,,False,False,0,rating_compat_locked_2.1.0
P-68901,0.392,0.28224,-0.10976,0.196,0.14112,-0.05488,0.25,0.18,,,False,False,0,rating_compat_locked_2.1.0
P-69504,0.052,0.066666,0.014666,0.026,0.033333,0.007333,0.105263,0.128205,,,False,False,0,global_annual_recognition:pre_1995_ballondor_ineligible;rating_compat_locked_2.1.0
P-69700,0.2,0.144,-0.056,0.1,0.072,-0.028,0.25,0.18,,,False,False,0,rating_compat_locked_2.1.0
P-69813,0.401546,0.396354,-0.005192,0.200773,0.198177,-0.002596,0.347368,0.32,bronze,,False,False,0,rating_compat_locked_2.1.0
P-69817,0.0458,0.040076,-0.005724,0.0229,0.020038,-0.002862,0.084211,0.07,,,False,False,0,rating_compat_locked_2.1.0
P-69834,0.4178,0.37664,-0.04116,0.2089,0.18832,-0.02058,0.494737,0.42,bronze,,False,False,0,rating_compat_locked_2.1.0
P-69960,0.052,0.066666,0.014666,0.026,0.033333,0.007333,0.105263,0.128205,,,False,False,0,global_annual_recognition:pre_1995_ballondor_ineligible;rating_compat_locked_2.1.0
P-70132,0.0458,0.051526,0.005726,0.0229,0.025763,0.002863,0.08,0.09,,,False,False,0,rating_compat_locked_2.1.0
P-70442,0.87844,0.769903,-0.108537,0.540206,0.429935,-0.110271,0.7,0.53,gold,silver,True,True,0,rating_compat_locked_2.1.0
P-70547,0.0583,0.065588,0.007288,0.02915,0.032794,0.003644,0.08,0.09,,,False,False,0,rating_compat_locked_2.1.0
P-70650,0.499532,0.359664,-0.139868,0.249766,0.179832,-0.069934,0.25,0.18,bronze,,False,False,0,rating_compat_locked_2.1.0
P-70812,0.0698,0.078524,0.008724,0.0349,0.039262,0.004362,0.08,0.09,,,False,False,0,rating_compat_locked_2.1.0
P-70989,0.829303,0.827977,-0.001326,0.483699,0.482173,-0.001526,0.65,0.64,gold,gold,False,False,0,rating_compat_locked_2.1.0
P-71071,0.2,0.144,-0.056,0.1,0.072,-0.028,0.25,0.18,,,False,False,0,rating_compat_locked_2.1.0
P-71100,0.0523,0.058838,0.006538,0.02615,0.029419,0.003269,0.08,0.09,,,False,False,0,rating_compat_locked_2.1.0
P-71260,0.264,0.24,-0.024,0.132,0.12,-0.012,0.231579,0.2,,,False,False,0,rating_compat_locked_2.1.0
P-71420,0.499984,0.359988,-0.139996,0.249992,0.179994,-0.069998,0.25,0.18,bronze,,False,False,0,rating_compat_locked_2.1.0
P-71661,0.410098,0.330444,-0.079654,0.205049,0.165222,-0.039827,0.33,0.27,bronze,,False,False,0,rating_compat_locked_2.1.0
P-71973,0.27,0.234,-0.036,0.135,0.117,-0.018,0.3,0.26,,,False,False,0,rating_compat_locked_2.1.0
P-72011,0.629058,0.57227,-0.056788,0.336039,0.29818,-0.037859,0.48,0.44,bronze,bronze,True,True,0,rating_compat_locked_2.1.0
P-72028,0.0488,0.0549,0.0061,0.0244,0.02745,0.00305,0.08,0.09,,,False,False,0,rating_compat_locked_2.1.0
P-72373,0.14,0.1232,-0.0168,0.07,0.0616,-0.0084,0.263158,0.22,,,False,False,0,rating_compat_locked_2.1.0
P-72404,0.0488,0.0549,0.0061,0.0244,0.02745,0.00305,0.08,0.09,,,False,False,0,rating_compat_locked_2.1.0
P-72441,0.886684,0.86225,-0.024434,0.549687,0.521588,-0.028099,0.842105,0.74,gold,gold,True,True,0,rating_compat_locked_2.1.0
P-72482,0.21329,0.166772,-0.046518,0.106645,0.083386,-0.023259,0.18,0.15,,,False,False,0,rating_compat_locked_2.1.0
P-72637,0.250518,0.281704,0.031186,0.125259,0.140852,0.015593,0.23,0.26,,,False,False,0,rating_compat_locked_2.1.0
P-72797,0.0618,0.069526,0.007726,0.0309,0.034763,0.003863,0.08,0.09,,,False,False,0,rating_compat_locked_2.1.0
P-72864,0.888616,0.862417,-0.026199,0.551908,0.521779,-0.030129,0.894737,0.78,gold,gold,True,True,0,rating_compat_locked_2.1.0
P-72916,0.225,0.162,-0.063,0.1125,0.081,-0.0315,0.25,0.18,,,False,False,0,rating_compat_locked_2.1.0
P-72919,0.36,0.36,0.0,0.18,0.18,0.0,0.263158,0.25,,,False,False,0,rating_compat_locked_2.1.0
P-73354,0.27,0.306,0.036,0.135,0.153,0.018,0.15,0.17,,,False,False,0,rating_compat_locked_2.1.0
P-73390,0.36,0.36,0.0,0.18,0.18,0.0,0.263158,0.25,,,False,False,0,rating_compat_locked_2.1.0
P-73572,0.225,0.162,-0.063,0.1125,0.081,-0.0315,0.25,0.18,,,False,False,0,rating_compat_locked_2.1.0
P-73608,0.0603,0.067838,0.007538,0.03015,0.033919,0.003769,0.08,0.09,,,False,False,0,rating_compat_locked_2.1.0
P-73704,0.1556,0.199486,0.043886,0.0778,0.099743,0.021943,0.105263,0.128205,,,False,False,0,global_annual_recognition:pre_1995_ballondor_ineligible;rating_compat_locked_2.1.0
P-73743,0.863043,0.850978,-0.012065,0.5225,0.521,-0.0015,0.65,0.64,gold,gold,True,True,0,sparse_fact_count_shrinkage;rating_compat_locked_2.1.0
P-73924,0.0518,0.058276,0.006476,0.0259,0.029138,0.003238,0.08,0.09,,,False,False,0,rating_compat_locked_2.1.0
P-73975,0.0638,0.071774,0.007974,0.0319,0.035887,0.003987,0.08,0.09,,,False,False,0,rating_compat_locked_2.1.0
P-74261,0.830176,0.72854,-0.101636,0.484702,0.40236,-0.082342,0.85,0.7,gold,silver,True,True,0,rating_compat_locked_2.1.0
P-74340,0.2,0.144,-0.056,0.1,0.072,-0.028,0.25,0.18,,,False,False,0,rating_compat_locked_2.1.0
P-74455,0.445774,0.43025,-0.015524,0.222887,0.215125,-0.007762,0.494737,0.45,bronze,bronze,False,False,0,rating_compat_locked_2.1.0
P-74480,0.0493,0.055462,0.006162,0.02465,0.027731,0.003081,0.08,0.09,,,False,False,0,rating_compat_locked_2.1.0
P-74655,0.216,0.16,-0.056,0.108,0.08,-0.028,0.27,0.2,,,False,False,0,rating_compat_locked_2.1.0
P-74747,0.87927,0.855403,-0.023867,0.541161,0.513713,-0.027448,0.842105,0.74,gold,gold,True,True,0,rating_compat_locked_2.1.0
P-74946,0.0613,0.068962,0.007662,0.03065,0.034481,0.003831,0.08,0.09,,,False,False,0,rating_compat_locked_2.1.0
P-74952,0.392,0.28224,-0.10976,0.196,0.14112,-0.05488,0.25,0.18,,,False,False,0,rating_compat_locked_2.1.0
P-75144,0.36,0.461538,0.101538,0.18,0.230769,0.050769,0.263158,0.320513,,bronze,False,False,0,global_annual_recognition:pre_1995_ballondor_ineligible;rating_compat_locked_2.1.0
P-75209,0.7805,0.7805,0.0,0.437,0.437,0.0,0.5,0.5,silver,gold,False,False,0,rating_compat_locked_2.1.0
P-75574,0.066666,0.058334,-0.008332,0.033333,0.029167,-0.004166,0.084211,0.07,,,False,False,0,rating_compat_locked_2.1.0
P-75663,0.36,0.36,0.0,0.18,0.18,0.0,0.263158,0.25,,,False,False,0,rating_compat_locked_2.1.0
P-75890,0.80008,0.664103,-0.135977,0.450092,0.359402,-0.09069,0.75,0.57,silver,silver,True,True,0,rating_compat_locked_2.1.0
P-75912,0.097464,0.109648,0.012184,0.048732,0.054824,0.006092,0.08,0.09,,,False,False,0,rating_compat_locked_2.1.0
P-75929,0.105,0.098,-0.007,0.0525,0.049,-0.0035,0.15,0.14,,,False,False,0,rating_compat_locked_2.1.0
P-75955,0.684312,0.664737,-0.019575,0.372875,0.359825,-0.01305,0.8,0.76,silver,silver,False,False,0,rating_compat_locked_2.1.0
P-76060,0.0463,0.052088,0.005788,0.02315,0.026044,0.002894,0.08,0.09,,,False,False,0,rating_compat_locked_2.1.0
P-76131,0.32,0.2304,-0.0896,0.16,0.1152,-0.0448,0.25,0.18,,,False,False,0,rating_compat_locked_2.1.0
P-76270,0.665,0.665,0.0,0.36,0.36,0.0,0.5,0.5,silver,silver,False,False,0,rating_compat_locked_2.1.0
P-76368,0.0463,0.052088,0.005788,0.02315,0.026044,0.002894,0.08,0.09,,,False,False,0,rating_compat_locked_2.1.0
P-76522,0.398786,0.501765,0.102979,0.199393,0.251177,0.051784,0.347368,0.410257,,bronze,False,False,0,global_annual_recognition:pre_1995_ballondor_ineligible;rating_compat_locked_2.1.0
P-76544,0.572,0.5306,-0.0414,0.298,0.2704,-0.0276,0.494737,0.42,bronze,bronze,False,False,0,rating_compat_locked_2.1.0
P-76592,0.56966,0.548701,-0.020959,0.29644,0.282467,-0.013973,0.526316,0.47,bronze,bronze,False,False,0,rating_compat_locked_2.1.0
P-76678,0.076,0.0532,-0.0228,0.038,0.0266,-0.0114,0.1,0.07,,,False,False,0,rating_compat_locked_2.1.0
P-76769,0.0473,0.053212,0.005912,0.02365,0.026606,0.002956,0.08,0.09,,,False,False,0,rating_compat_locked_2.1.0
P-76850,0.098644,0.110974,0.01233,0.049322,0.055487,0.006165,0.08,0.09,,,False,False,0,rating_compat_locked_2.1.0
P-76874,0.78125,0.7475,-0.03375,0.4375,0.415,-0.0225,0.526316,0.47,silver,silver,True,True,0,rating_compat_locked_2.1.0
P-77047,0.0483,0.054338,0.006038,0.02415,0.027169,0.003019,0.08,0.09,,,False,False,0,rating_compat_locked_2.1.0
P-77063,0.141704,0.127994,-0.01371,0.070852,0.063997,-0.006855,0.18,0.16,,,False,False,0,rating_compat_locked_2.1.0
P-77224,0.104974,0.097692,-0.007282,0.052487,0.048846,-0.003641,0.13,0.12,,,False,False,0,rating_compat_locked_2.1.0
P-77335,0.181776,0.127242,-0.054534,0.090888,0.063621,-0.027267,0.1,0.07,,,False,False,0,rating_compat_locked_2.1.0
P-77348,0.36,0.312,-0.048,0.18,0.156,-0.024,0.3,0.26,,,False,False,0,rating_compat_locked_2.1.0
P-77430,0.309136,0.357052,0.047916,0.154568,0.178526,0.023958,0.315789,0.346154,,,False,False,0,global_annual_recognition:pre_1995_ballondor_ineligible;rating_compat_locked_2.1.0
P-77521,0.0633,0.071212,0.007912,0.03165,0.035606,0.003956,0.08,0.09,,,False,False,0,rating_compat_locked_2.1.0
P-77552,0.0453,0.039638,-0.005662,0.02265,0.019819,-0.002831,0.084211,0.07,,,False,False,0,rating_compat_locked_2.1.0
P-77705,0.14,0.098,-0.042,0.07,0.049,-0.021,0.1,0.07,,,False,False,0,rating_compat_locked_2.1.0
P-77807,0.0468,0.05265,0.00585,0.0234,0.026325,0.002925,0.08,0.09,,,False,False,0,rating_compat_locked_2.1.0
P-77939,0.744404,0.721873,-0.022531,0.412936,0.397915,-0.015021,0.578947,0.52,silver,silver,True,True,0,rating_compat_locked_2.1.0
P-77989,0.36,0.461538,0.101538,0.18,0.230769,0.050769,0.263158,0.320513,,bronze,False,False,0,global_annual_recognition:pre_1995_ballondor_ineligible;rating_compat_locked_2.1.0
P-78106,0.0473,0.053212,0.005912,0.02365,0.026606,0.002956,0.08,0.09,,,False,False,0,rating_compat_locked_2.1.0
P-78111,0.076,0.097436,0.021436,0.038,0.048718,0.010718,0.105263,0.128205,,,False,False,0,global_annual_recognition:pre_1995_ballondor_ineligible;rating_compat_locked_2.1.0
P-78280,0.2,0.144,-0.056,0.1,0.072,-0.028,0.25,0.18,,,False,False,0,rating_compat_locked_2.1.0
P-78296,0.0508,0.05715,0.00635,0.0254,0.028575,0.003175,0.08,0.09,,,False,False,0,rating_compat_locked_2.1.0
P-78308,0.0838,0.094276,0.010476,0.0419,0.047138,0.005238,0.08,0.09,,,False,False,0,rating_compat_locked_2.1.0
P-78440,0.397688,0.315696,-0.081992,0.198844,0.157848,-0.040996,0.33,0.27,,,False,False,0,rating_compat_locked_2.1.0
P-78594,0.049334,0.0555,0.006166,0.024667,0.02775,0.003083,0.08,0.09,,,False,False,0,rating_compat_locked_2.1.0
P-78605,0.39575,0.500308,0.104558,0.197875,0.250205,0.05233,0.368421,0.448718,,bronze,False,True,0,global_annual_recognition:pre_1995_ballondor_ineligible;rating_compat_locked_2.1.0
P-78654,0.0453,0.050962,0.005662,0.02265,0.025481,0.002831,0.08,0.09,,,False,False,0,rating_compat_locked_2.1.0
P-78756,0.853729,0.830395,-0.023334,0.511788,0.484954,-0.026834,0.757895,0.67,gold,gold,True,True,0,rating_compat_locked_2.1.0
P-78793,0.076,0.097436,0.021436,0.038,0.048718,0.010718,0.105263,0.128205,,,False,False,0,global_annual_recognition:pre_1995_ballondor_ineligible;rating_compat_locked_2.1.0
P-78863,0.0493,0.055462,0.006162,0.02465,0.027731,0.003081,0.08,0.09,,,False,False,0,rating_compat_locked_2.1.0
P-78898,0.2,0.144,-0.056,0.1,0.072,-0.028,0.25,0.18,,,False,False,0,rating_compat_locked_2.1.0
P-79080,0.14,0.179486,0.039486,0.07,0.089743,0.019743,0.105263,0.128205,,,False,False,0,global_annual_recognition:pre_1995_ballondor_ineligible;rating_compat_locked_2.1.0
P-79299,0.748945,0.623335,-0.12561,0.415963,0.332223,-0.08374,0.7,0.54,silver,silver,True,True,0,rating_compat_locked_2.1.0
P-79380,0.159896,0.12344,-0.036456,0.079948,0.06172,-0.018228,0.18,0.15,,,False,False,0,rating_compat_locked_2.1.0
P-79617,0.2,0.176,-0.024,0.1,0.088,-0.012,0.263158,0.22,,,False,False,0,rating_compat_locked_2.1.0
P-79750,0.0503,0.056588,0.006288,0.02515,0.028294,0.003144,0.08,0.09,,,False,False,0,rating_compat_locked_2.1.0
P-79763,0.0583,0.065588,0.007288,0.02915,0.032794,0.003644,0.08,0.09,,,False,False,0,rating_compat_locked_2.1.0
P-80105,0.56041,0.461952,-0.098458,0.290273,0.230976,-0.059297,0.33,0.27,bronze,bronze,True,False,0,rating_compat_locked_2.1.0
P-80170,0.0578,0.065024,0.007224,0.0289,0.032512,0.003612,0.08,0.09,,,False,False,0,rating_compat_locked_2.1.0
P-80376,0.529168,0.631259,0.102091,0.269445,0.337506,0.068061,0.315789,0.371795,bronze,silver,True,True,0,global_annual_recognition:pre_1995_ballondor_ineligible;rating_compat_locked_2.1.0
P-80404,0.952402,0.927564,-0.024838,0.625262,0.596699,-0.028563,1.0,0.88,gold,gold,True,True,0,rating_compat_locked_2.1.0
P-80826,,0.07965,,,0.039825,,,0.09,,,,False,1,new_row;active_stage_normalized
P-81049,0.728301,0.58623,-0.142071,0.402201,0.307487,-0.094714,0.7,0.53,silver,bronze,True,True,0,rating_compat_locked_2.1.0
P-81085,0.2,0.144,-0.056,0.1,0.072,-0.028,0.25,0.18,,,False,False,0,rating_compat_locked_2.1.0
P-81297,0.50412,0.383078,-0.121042,0.252747,0.191539,-0.061208,0.33,0.27,bronze,,True,False,0,rating_compat_locked_2.1.0
P-81392,0.539951,0.423664,-0.116287,0.276634,0.211832,-0.064802,0.43,0.34,bronze,bronze,False,False,0,rating_compat_locked_2.1.0
P-81402,0.36,0.3168,-0.0432,0.18,0.1584,-0.0216,0.263158,0.22,,,False,False,0,rating_compat_locked_2.1.0
P-81447,0.32,0.2304,-0.0896,0.16,0.1152,-0.0448,0.25,0.18,,,False,False,0,rating_compat_locked_2.1.0
P-81477,0.081334,0.0915,0.010166,0.040667,0.04575,0.005083,0.08,0.09,,,False,False,0,rating_compat_locked_2.1.0
P-81505,0.2504,0.202464,-0.047936,0.1252,0.101232,-0.023968,0.33,0.27,,,False,False,0,rating_compat_locked_2.1.0
P-81643,0.069334,0.078,0.008666,0.034667,0.039,0.004333,0.08,0.09,,,False,False,0,rating_compat_locked_2.1.0
P-81648,0.425784,0.43064,0.004856,0.212892,0.21532,0.002428,0.33,0.32,bronze,bronze,False,False,0,rating_compat_locked_2.1.0
P-81972,0.0653,0.073462,0.008162,0.03265,0.036731,0.004081,0.08,0.09,,,False,False,0,rating_compat_locked_2.1.0
P-82456,0.2,0.144,-0.056,0.1,0.072,-0.028,0.25,0.18,,,False,False,0,rating_compat_locked_2.1.0
P-82483,0.144,0.0864,-0.0576,0.072,0.0432,-0.0288,0.1,0.06,,,False,False,0,rating_compat_locked_2.1.0
P-82516,0.248456,0.22459,-0.023866,0.124228,0.112295,-0.011933,0.315789,0.27,,,False,False,0,rating_compat_locked_2.1.0
P-82614,0.34436,0.25909,-0.08527,0.17218,0.129545,-0.042635,0.43,0.33,,,False,False,0,rating_compat_locked_2.1.0
P-82723,0.0498,0.055866,0.006066,0.0249,0.027933,0.003033,0.084211,0.089744,,,False,False,0,global_annual_recognition:pre_1995_ballondor_ineligible;rating_compat_locked_2.1.0
P-82971,0.076,0.0665,-0.0095,0.038,0.03325,-0.00475,0.084211,0.07,,,False,False,0,rating_compat_locked_2.1.0
P-83122,0.11,0.066,-0.044,0.055,0.033,-0.022,0.1,0.06,,,False,False,0,rating_compat_locked_2.1.0
P-83216,0.0528,0.0594,0.0066,0.0264,0.0297,0.0033,0.08,0.09,,,False,False,0,rating_compat_locked_2.1.0
P-83394,0.0513,0.057712,0.006412,0.02565,0.028856,0.003206,0.08,0.09,,,False,False,0,rating_compat_locked_2.1.0
P-83403,0.386,0.27792,-0.10808,0.193,0.13896,-0.05404,0.25,0.18,,,False,False,0,rating_compat_locked_2.1.0
P-83431,0.11,0.102666,-0.007334,0.055,0.051333,-0.003667,0.15,0.14,,,False,False,0,rating_compat_locked_2.1.0
P-83518,0.0563,0.063338,0.007038,0.02815,0.031669,0.003519,0.08,0.09,,,False,False,0,rating_compat_locked_2.1.0
P-83642,0.104,0.0728,-0.0312,0.052,0.0364,-0.0156,0.1,0.07,,,False,False,0,rating_compat_locked_2.1.0
P-83805,0.14,0.179486,0.039486,0.07,0.089743,0.019743,0.105263,0.128205,,,False,False,0,global_annual_recognition:pre_1995_ballondor_ineligible;rating_compat_locked_2.1.0
P-83836,0.48044,0.338926,-0.141514,0.24022,0.169463,-0.070757,0.35,0.24,bronze,,False,False,0,rating_compat_locked_2.1.0
P-83968,0.0473,0.041388,-0.005912,0.02365,0.020694,-0.002956,0.084211,0.07,,,False,False,0,rating_compat_locked_2.1.0
P-84003,0.552878,0.429128,-0.12375,0.285252,0.214564,-0.070688,0.43,0.33,bronze,bronze,True,False,0,rating_compat_locked_2.1.0
P-84022,0.2,0.144,-0.056,0.1,0.072,-0.028,0.25,0.18,,,False,False,0,rating_compat_locked_2.1.0
P-84542,0.589959,0.528917,-0.061042,0.309973,0.269278,-0.040695,0.68,0.57,bronze,bronze,True,True,0,rating_compat_locked_2.1.0
P-84807,0.103626,0.11658,0.012954,0.051813,0.05829,0.006477,0.08,0.09,,,False,False,0,rating_compat_locked_2.1.0
P-84816,0.275,0.275,0.0,0.1375,0.1375,0.0,0.263158,0.25,,,False,False,0,rating_compat_locked_2.1.0
P-84852,0.0493,0.055462,0.006162,0.02465,0.027731,0.003081,0.08,0.09,,,False,False,0,rating_compat_locked_2.1.0
P-84878,0.124656,0.140238,0.015582,0.062328,0.070119,0.007791,0.08,0.09,,,False,False,0,rating_compat_locked_2.1.0
P-84893,0.144,0.0864,-0.0576,0.072,0.0432,-0.0288,0.1,0.06,,,False,False,0,rating_compat_locked_2.1.0
P-84927,0.665,0.665,0.0,0.36,0.36,0.0,0.5,0.5,silver,silver,False,False,0,rating_compat_locked_2.1.0
P-84943,0.271708,0.181832,-0.089876,0.135854,0.090916,-0.044938,0.2,0.13,,,False,False,0,rating_compat_locked_2.1.0
P-85176,0.743167,0.637911,-0.105256,0.412111,0.341941,-0.07017,0.58,0.5,silver,silver,True,True,0,rating_compat_locked_2.1.0
P-85199,0.182932,0.128052,-0.05488,0.091466,0.064026,-0.02744,0.1,0.07,,,False,False,0,rating_compat_locked_2.1.0
P-85257,0.36,0.312,-0.048,0.18,0.156,-0.024,0.3,0.26,,,False,False,0,rating_compat_locked_2.1.0
P-85432,0.0688,0.0774,0.0086,0.0344,0.0387,0.0043,0.08,0.09,,,False,False,0,rating_compat_locked_2.1.0
P-85443,0.09,0.084,-0.006,0.045,0.042,-0.003,0.15,0.14,,,False,False,0,rating_compat_locked_2.1.0
P-85696,0.11189,0.125876,0.013986,0.055945,0.062938,0.006993,0.08,0.09,,,False,False,0,rating_compat_locked_2.1.0
P-85778,0.275,0.352564,0.077564,0.1375,0.176282,0.038782,0.263158,0.320513,,,False,False,0,global_annual_recognition:pre_1995_ballondor_ineligible;rating_compat_locked_2.1.0
P-85818,0.0518,0.058276,0.006476,0.0259,0.029138,0.003238,0.08,0.09,,,False,False,0,rating_compat_locked_2.1.0
P-85860,0.104804,0.117904,0.0131,0.052402,0.058952,0.00655,0.08,0.09,,,False,False,0,rating_compat_locked_2.1.0
P-85975,0.0453,0.050962,0.005662,0.02265,0.025481,0.002831,0.08,0.09,,,False,False,0,rating_compat_locked_2.1.0
P-86087,0.375668,0.423122,0.047454,0.187834,0.211561,0.023727,0.23,0.26,,bronze,False,False,0,rating_compat_locked_2.1.0
P-86464,0.0448,0.0504,0.0056,0.0224,0.0252,0.0028,0.08,0.09,,,False,False,0,rating_compat_locked_2.1.0
P-86518,0.665,0.665,0.0,0.36,0.36,0.0,0.5,0.5,silver,silver,False,False,0,rating_compat_locked_2.1.0
P-86650,0.823328,0.688055,-0.135273,0.476827,0.37537,-0.101457,0.7,0.53,gold,silver,True,True,0,rating_compat_locked_2.1.0
P-86813,0.09,0.084,-0.006,0.045,0.042,-0.003,0.15,0.14,,,False,False,0,rating_compat_locked_2.1.0
P-86878,0.052,0.0364,-0.0156,0.026,0.0182,-0.0078,0.1,0.07,,,False,False,0,rating_compat_locked_2.1.0
P-87008,0.681783,0.600323,-0.08146,0.371189,0.316882,-0.054307,0.58,0.51,silver,bronze,True,True,0,rating_compat_locked_2.1.0
P-87114,0.199284,0.179198,-0.020086,0.099642,0.089599,-0.010043,0.18,0.16,,,False,False,0,rating_compat_locked_2.1.0
P-87191,0.124,0.158974,0.034974,0.062,0.079487,0.017487,0.105263,0.128205,,,False,False,0,global_annual_recognition:pre_1995_ballondor_ineligible;rating_compat_locked_2.1.0
P-87449,0.2,0.144,-0.056,0.1,0.072,-0.028,0.25,0.18,,,False,False,0,rating_compat_locked_2.1.0
P-88041,0.110586,0.12441,0.013824,0.055293,0.062205,0.006912,0.08,0.09,,,False,False,0,rating_compat_locked_2.1.0
P-88263,0.32,0.2304,-0.0896,0.16,0.1152,-0.0448,0.25,0.18,,,False,False,0,rating_compat_locked_2.1.0
P-88428,0.09425,0.106032,0.011782,0.047125,0.053016,0.005891,0.08,0.09,,,False,False,0,rating_compat_locked_2.1.0
P-88830,0.12051,0.135574,0.015064,0.060255,0.067787,0.007532,0.08,0.09,,,False,False,0,rating_compat_locked_2.1.0
P-88863,0.826984,0.735037,-0.091947,0.481032,0.406691,-0.074341,0.8,0.67,gold,silver,True,True,0,rating_compat_locked_2.1.0
P-88946,0.537434,0.39011,-0.147324,0.274956,0.195055,-0.079901,0.35,0.24,bronze,,True,False,0,rating_compat_locked_2.1.0
P-89034,0.36,0.312,-0.048,0.18,0.156,-0.024,0.3,0.26,,,False,False,0,rating_compat_locked_2.1.0
P-89177,0.617725,0.499138,-0.118587,0.328483,0.249569,-0.078914,0.43,0.33,bronze,bronze,True,True,0,rating_compat_locked_2.1.0
P-89297,0.0678,0.076276,0.008476,0.0339,0.038138,0.004238,0.08,0.09,,,False,False,0,rating_compat_locked_2.1.0
P-89321,0.0578,0.065024,0.007224,0.0289,0.032512,0.003612,0.08,0.09,,,False,False,0,rating_compat_locked_2.1.0
P-89392,0.524095,0.515159,-0.008936,0.266063,0.260106,-0.005957,0.48,0.44,bronze,bronze,False,False,0,rating_compat_locked_2.1.0
P-89519,0.22,0.25641,0.03641,0.11,0.128205,0.018205,0.231579,0.25641,,,False,False,0,global_annual_recognition:pre_1995_ballondor_ineligible;rating_compat_locked_2.1.0
P-89601,0.0698,0.078524,0.008724,0.0349,0.039262,0.004362,0.08,0.09,,,False,False,0,rating_compat_locked_2.1.0
P-89743,0.0678,0.076276,0.008476,0.0339,0.038138,0.004238,0.08,0.09,,,False,False,0,rating_compat_locked_2.1.0
P-89750,0.241368,0.27151,0.030142,0.120684,0.135755,0.015071,0.23,0.26,,,False,False,0,rating_compat_locked_2.1.0
P-89810,0.131238,0.147222,0.015984,0.065619,0.073611,0.007992,0.084211,0.089744,,,False,False,0,global_annual_recognition:pre_1995_ballondor_ineligible;rating_compat_locked_2.1.0
P-89878,0.076,0.0532,-0.0228,0.038,0.0266,-0.0114,0.1,0.07,,,False,False,0,rating_compat_locked_2.1.0
P-89897,0.503564,0.596233,0.092669,0.252376,0.314155,0.061779,0.452632,0.538462,bronze,bronze,False,False,0,global_annual_recognition:pre_1995_ballondor_ineligible;rating_compat_locked_2.1.0
P-89949,0.14,0.1232,-0.0168,0.07,0.0616,-0.0084,0.263158,0.22,,,False,False,0,rating_compat_locked_2.1.0
P-89971,0.048,0.054,0.006,0.024,0.027,0.003,0.08,0.09,,,False,False,0,rating_compat_locked_2.1.0
P-90430,0.0498,0.056024,0.006224,0.0249,0.028012,0.003112,0.08,0.09,,,False,False,0,rating_compat_locked_2.1.0
P-90635,0.329968,0.390138,0.06017,0.164984,0.195069,0.030085,0.336842,0.384615,,,False,False,0,global_annual_recognition:pre_1995_ballondor_ineligible;rating_compat_locked_2.1.0
P-90675,0.0513,0.057712,0.006412,0.02565,0.028856,0.003206,0.08,0.09,,,False,False,0,rating_compat_locked_2.1.0
P-90867,0.0453,0.050962,0.005662,0.02265,0.025481,0.002831,0.08,0.09,,,False,False,0,rating_compat_locked_2.1.0
P-90908,0.634148,0.593106,-0.041042,0.339432,0.312071,-0.027361,0.75,0.64,silver,bronze,False,False,0,rating_compat_locked_2.1.0
P-91106,0.299,0.205248,-0.093752,0.1495,0.102624,-0.046876,0.35,0.24,,,False,False,0,rating_compat_locked_2.1.0
P-91195,0.36,0.36,0.0,0.18,0.18,0.0,0.263158,0.25,,,False,False,0,rating_compat_locked_2.1.0
P-91294,0.0473,0.053212,0.005912,0.02365,0.026606,0.002956,0.08,0.09,,,False,False,0,rating_compat_locked_2.1.0
P-91373,0.35945,0.348894,-0.010556,0.179725,0.174447,-0.005278,0.347368,0.32,,,False,False,0,rating_compat_locked_2.1.0
P-91516,0.3028,0.20101,-0.10179,0.1514,0.100505,-0.050895,0.2,0.13,,,False,False,0,rating_compat_locked_2.1.0
P-91590,0.208354,0.18358,-0.024774,0.104177,0.09179,-0.012387,0.18,0.16,,,False,False,0,rating_compat_locked_2.1.0
P-91717,0.879045,0.850902,-0.028143,0.540902,0.510611,-0.030291,0.757895,0.67,gold,gold,True,True,0,sparse_fact_count_shrinkage;rating_compat_locked_2.1.0
P-91718,0.65594,0.519365,-0.136575,0.35396,0.26291,-0.09105,0.58,0.43,silver,bronze,True,True,0,rating_compat_locked_2.1.0
P-91793,0.0518,0.058276,0.006476,0.0259,0.029138,0.003238,0.08,0.09,,,False,False,0,rating_compat_locked_2.1.0
P-91963,0.103852,0.09087,-0.012982,0.051926,0.045435,-0.006491,0.084211,0.07,,,False,False,0,rating_compat_locked_2.1.0
P-91976,0.0578,0.065024,0.007224,0.0289,0.032512,0.003612,0.08,0.09,,,False,False,0,rating_compat_locked_2.1.0
P-92004,0.076,0.0532,-0.0228,0.038,0.0266,-0.0114,0.1,0.07,,,False,False,0,rating_compat_locked_2.1.0
P-92146,0.0453,0.050962,0.005662,0.02265,0.025481,0.002831,0.08,0.09,,,False,False,0,rating_compat_locked_2.1.0
P-92343,0.0493,0.055462,0.006162,0.02465,0.027731,0.003081,0.08,0.09,,,False,False,0,rating_compat_locked_2.1.0
P-92391,0.4874,0.4874,0.0,0.2437,0.2437,0.0,0.263158,0.25,bronze,bronze,True,True,0,rating_compat_locked_2.1.0
P-92628,0.2,0.144,-0.056,0.1,0.072,-0.028,0.25,0.18,,,False,False,0,rating_compat_locked_2.1.0
P-92768,0.1,0.093334,-0.006666,0.05,0.046667,-0.003333,0.15,0.14,,,False,False,0,rating_compat_locked_2.1.0
P-92771,0.0458,0.051526,0.005726,0.0229,0.025763,0.002863,0.08,0.09,,,False,False,0,rating_compat_locked_2.1.0
P-92812,0.2,0.5114,0.3114,0.1,0.2576,0.1576,0.25,0.76,,bronze,False,False,2,active_stage_normalized;club_season_honors;rating_compat_locked_2.1.0
P-92848,0.36,0.461538,0.101538,0.18,0.230769,0.050769,0.263158,0.320513,,bronze,False,False,0,global_annual_recognition:pre_1995_ballondor_ineligible;rating_compat_locked_2.1.0
P-92867,0.307978,0.279014,-0.028964,0.153989,0.139507,-0.014482,0.315789,0.27,,,False,False,0,rating_compat_locked_2.1.0
P-92874,0.482158,0.367684,-0.114474,0.241079,0.183842,-0.057237,0.33,0.27,bronze,,False,False,0,rating_compat_locked_2.1.0
P-93059,0.0623,0.070088,0.007788,0.03115,0.035044,0.003894,0.08,0.09,,,False,False,0,rating_compat_locked_2.1.0
P-93386,0.326,0.234944,-0.091056,0.163,0.117472,-0.045528,0.35,0.25,,,False,False,0,rating_compat_locked_2.1.0
P-93619,0.2,0.144,-0.056,0.1,0.072,-0.028,0.25,0.18,,,False,False,0,rating_compat_locked_2.1.0
P-93633,0.157062,0.130868,-0.026194,0.078531,0.065434,-0.013097,0.18,0.16,,,False,False,0,rating_compat_locked_2.1.0
P-93884,0.102874,0.115732,0.012858,0.051437,0.057866,0.006429,0.08,0.09,,,False,False,0,rating_compat_locked_2.1.0
P-94051,0.0663,0.058012,-0.008288,0.03315,0.029006,-0.004144,0.084211,0.07,,,False,False,0,rating_compat_locked_2.1.0
P-94060,0.0548,0.06165,0.00685,0.0274,0.030825,0.003425,0.08,0.09,,,False,False,0,rating_compat_locked_2.1.0
P-94135,0.665,0.665,0.0,0.36,0.36,0.0,0.5,0.5,silver,silver,False,False,0,rating_compat_locked_2.1.0
P-94447,0.335,0.2412,-0.0938,0.1675,0.1206,-0.0469,0.25,0.18,,,False,False,0,rating_compat_locked_2.1.0
P-94551,0.4316,0.310752,-0.120848,0.2158,0.155376,-0.060424,0.25,0.18,bronze,,False,False,0,rating_compat_locked_2.1.0
P-94559,0.0458,0.051526,0.005726,0.0229,0.025763,0.002863,0.08,0.09,,,False,False,0,rating_compat_locked_2.1.0
P-94605,0.843478,0.843478,0.0,0.5,0.5,0.0,0.5,0.5,gold,gold,True,True,0,rating_compat_locked_2.1.0
P-94646,0.49774,0.493124,-0.004616,0.24887,0.246562,-0.002308,0.347368,0.32,bronze,bronze,False,False,0,rating_compat_locked_2.1.0
P-94838,0.0593,0.066712,0.007412,0.02965,0.033356,0.003706,0.08,0.09,,,False,False,0,rating_compat_locked_2.1.0
P-94995,0.076,0.097436,0.021436,0.038,0.048718,0.010718,0.105263,0.128205,,,False,False,0,global_annual_recognition:pre_1995_ballondor_ineligible;rating_compat_locked_2.1.0
P-95269,0.2,0.144,-0.056,0.1,0.072,-0.028,0.25,0.18,,,False,False,0,rating_compat_locked_2.1.0
P-95345,0.0638,0.071774,0.007974,0.0319,0.035887,0.003987,0.08,0.09,,,False,False,0,rating_compat_locked_2.1.0
P-95453,0.0503,0.056588,0.006288,0.02515,0.028294,0.003144,0.08,0.09,,,False,False,0,rating_compat_locked_2.1.0
P-95482,0.2,0.144,-0.056,0.1,0.072,-0.028,0.25,0.18,,,False,False,0,rating_compat_locked_2.1.0
P-95664,0.36,0.461538,0.101538,0.18,0.230769,0.050769,0.263158,0.320513,,bronze,False,False,0,global_annual_recognition:pre_1995_ballondor_ineligible;rating_compat_locked_2.1.0
P-95667,0.17112,0.219384,0.048264,0.08556,0.109692,0.024132,0.105263,0.128205,,,False,False,0,global_annual_recognition:pre_1995_ballondor_ineligible;rating_compat_locked_2.1.0
P-95754,0.0583,0.065588,0.007288,0.02915,0.032794,0.003644,0.08,0.09,,,False,False,0,rating_compat_locked_2.1.0
P-95834,0.609463,0.732913,0.12345,0.322975,0.405275,0.0823,0.368421,0.448718,bronze,silver,True,True,0,global_annual_recognition:pre_1995_ballondor_ineligible;rating_compat_locked_2.1.0
P-96009,0.14,0.098,-0.042,0.07,0.049,-0.021,0.1,0.07,,,False,False,0,rating_compat_locked_2.1.0
P-96178,0.0453,0.050962,0.005662,0.02265,0.025481,0.002831,0.08,0.09,,,False,False,0,rating_compat_locked_2.1.0
P-96343,0.45668,0.32881,-0.12787,0.22834,0.164405,-0.063935,0.25,0.18,bronze,,False,False,0,rating_compat_locked_2.1.0
P-96512,0.2,0.144,-0.056,0.1,0.072,-0.028,0.25,0.18,,,False,False,0,rating_compat_locked_2.1.0
P-96540,0.363134,0.270942,-0.092192,0.181567,0.135471,-0.046096,0.43,0.33,,,False,False,0,rating_compat_locked_2.1.0
P-96824,0.0523,0.058838,0.006538,0.02615,0.029419,0.003269,0.08,0.09,,,False,False,0,rating_compat_locked_2.1.0
P-96979,0.786137,0.854282,0.068145,0.440758,0.524383,0.083625,0.6,0.705128,silver,gold,True,True,0,global_annual_recognition:pre_1995_ballondor_ineligible;sparse_fact_count_shrinkage;rating_compat_locked_2.1.0
P-97258,0.0703,0.079088,0.008788,0.03515,0.039544,0.004394,0.08,0.09,,,False,False,0,rating_compat_locked_2.1.0
P-97414,0.242,0.22,-0.022,0.121,0.11,-0.011,0.231579,0.2,,,False,False,0,rating_compat_locked_2.1.0
P-97434,0.0568,0.0639,0.0071,0.0284,0.03195,0.00355,0.08,0.09,,,False,False,0,rating_compat_locked_2.1.0
P-97459,0.0508,0.05715,0.00635,0.0254,0.028575,0.003175,0.08,0.09,,,False,False,0,rating_compat_locked_2.1.0
P-97778,0.50732,0.3776,-0.12972,0.25488,0.1888,-0.06608,0.27,0.2,bronze,,True,True,0,rating_compat_locked_2.1.0
P-98031,0.0788,0.08865,0.00985,0.0394,0.044325,0.004925,0.08,0.09,,,False,False,0,rating_compat_locked_2.1.0
P-98173,0.0633,0.071212,0.007912,0.03165,0.035606,0.003956,0.08,0.09,,,False,False,0,rating_compat_locked_2.1.0
P-98228,0.177778,0.1485,-0.029278,0.088889,0.07425,-0.014639,0.18,0.16,,,False,False,0,rating_compat_locked_2.1.0
P-98287,0.46238,0.332914,-0.129466,0.23119,0.166457,-0.064733,0.25,0.18,bronze,,False,False,0,rating_compat_locked_2.1.0
P-98511,0.31,0.2232,-0.0868,0.155,0.1116,-0.0434,0.25,0.18,,,False,False,0,rating_compat_locked_2.1.0
P-98569,0.809391,0.809391,0.0,0.4608,0.4608,0.0,0.5,0.5,gold,gold,False,False,0,rating_compat_locked_2.1.0
P-99080,0.0448,0.0504,0.0056,0.0224,0.0252,0.0028,0.08,0.09,,,False,False,0,rating_compat_locked_2.1.0
P-99420,0.252884,0.174304,-0.07858,0.126442,0.087152,-0.03929,0.37,0.26,,,False,False,0,rating_compat_locked_2.1.0
P-99466,0.776114,0.646391,-0.129723,0.434076,0.347594,-0.086482,0.7,0.54,silver,silver,True,True,0,rating_compat_locked_2.1.0
P-99537,0.590369,0.510084,-0.080285,0.310246,0.256723,-0.053523,0.58,0.5,bronze,bronze,True,True,0,rating_compat_locked_2.1.0
P-99590,0.168748,0.14684,-0.021908,0.084374,0.07342,-0.010954,0.18,0.16,,,False,False,0,rating_compat_locked_2.1.0
P-99788,0.36,0.36,0.0,0.18,0.18,0.0,0.263158,0.25,,,False,False,0,rating_compat_locked_2.1.0
P-99934,0.289184,0.247454,-0.04173,0.144592,0.123727,-0.020865,0.33,0.27,,,False,False,0,rating_compat_locked_2.1.0
P-99967,0.295872,0.25521,-0.040662,0.147936,0.127605,-0.020331,0.33,0.27,,,False,False,0,rating_compat_locked_2.1.0
P-99991,0.14,0.1232,-0.0168,0.07,0.0616,-0.0084,0.263158,0.22,,,False,False,0,rating_compat_locked_2.1.0
P-W26-0049,,0.117062,,,0.058531,,,0.09,,,,False,2,new_row;active_stage_normalized
P-W26-0050,,0.391024,,,0.195512,,,0.3,,,,False,6,new_row;active_stage_normalized
P-W26-0115,,0.14,,,0.07,,,0.16,,,,False,1,new_row;active_stage_normalized
P-W26-0267,,0.36,,,0.18,,,0.514286,,,,False,1,new_row;active_stage_normalized
P-W26-0291,,0.075,,,0.0375,,,0.09,,,,False,1,new_row;active_stage_normalized
P-W26-0292,,0.0585,,,0.02925,,,0.09,,,,False,1,new_row;active_stage_normalized
P-W26-0356,,0.0504,,,0.0252,,,0.09,,,,False,1,new_row;active_stage_normalized
P-W26-0470,,0.2304,,,0.1152,,,0.288,,,,False,1,new_row;active_stage_normalized
P-W26-0477,,0.842791,,,0.49921,,,1.0,,gold,,True,12,new_row;active_stage_normalized;club_season_honors
P-W26-0486,,0.0729,,,0.03645,,,0.09,,,,False,1,new_row;active_stage_normalized
P-W26-0500,,0.11648,,,0.05824,,,0.112,,,,False,1,new_row;active_stage_normalized
P-W26-0512,,0.024,,,0.012,,,0.03,,,,False,1,new_row;active_stage_normalized
P-W26-0543,,0.0549,,,0.02745,,,0.09,,,,False,1,new_row;active_stage_normalized
P-W26-0574,,0.29635,,,0.148175,,,0.24,,,,False,3,new_row;active_stage_normalized
P-W26-0587,,0.192,,,0.096,,,0.24,,,,False,1,new_row;active_stage_normalized
P-W26-0651,,0.17723,,,0.088615,,,0.221538,,,,False,1,new_row;active_stage_normalized
P-W26-0663,,0.641,,,0.344,,,1.0,,silver,,True,5,new_row;active_stage_normalized
P-W26-0716,,0.074906,,,0.037453,,,0.12,,,,False,2,new_row;active_stage_normalized
P-W26-0822,,0.053774,,,0.026887,,,0.09,,,,False,1,new_row;active_stage_normalized
P-W26-0876,,0.0735,,,0.03675,,,0.09,,,,False,1,new_row;active_stage_normalized
