card_id,player_id,common_name,tournament_id,position,flip,old_legend,new_legend,old_overall,new_overall,display_delta,old_basis,new_basis,legend_reason_codes,source_refs,citation_urls,citation_snapshots
P-01173:WC-1954,P-01173,Hidegkuti,WC-1954,FW,gain,false,true,94,94,0,career_stature_estimate,career_stature_estimate,pre_1967_retrospective_consensus,iffhs_century:century election: Hungary - Player of the Century;international_century_caps:goals=39,https://www.rsssf.org/miscellaneous/century.html;https://www.rsssf.org/miscellaneous/iffhs-century.html,etl/sources/merit_v31/retrospective/international_century_caps.html;etl/sources/merit_v31/retrospective/iffhs_century.html
P-01173:WC-1958,P-01173,Hidegkuti,WC-1958,FW,gain,false,true,90,90,0,career_stature_estimate,career_stature_estimate,pre_1967_retrospective_consensus,iffhs_century:century election: Hungary - Player of the Century;international_century_caps:goals=39,https://www.rsssf.org/miscellaneous/century.html;https://www.rsssf.org/miscellaneous/iffhs-century.html,etl/sources/merit_v31/retrospective/international_century_caps.html;etl/sources/merit_v31/retrospective/iffhs_century.html
P-09973:WC-1954,P-09973,Walter,WC-1954,FW,gain,false,true,97,97,0,career_stature_estimate,career_stature_estimate,pre_1967_retrospective_consensus,iffhs_century:century election: Europe - Player of the Century;iffhs_century:century election: Germany - Player of the Century;international_century_caps:goals=33,https://www.rsssf.org/miscellaneous/century.html;https://www.rsssf.org/miscellaneous/iffhs-century.html,etl/sources/merit_v31/retrospective/international_century_caps.html;etl/sources/merit_v31/retrospective/iffhs_century.html
P-09973:WC-1958,P-09973,Walter,WC-1958,MF,gain,false,true,96,96,0,career_stature_estimate,career_stature_estimate,pre_1967_retrospective_consensus,iffhs_century:century election: Europe - Player of the Century;iffhs_century:century election: Germany - Player of the Century;international_century_caps:goals=33,https://www.rsssf.org/miscellaneous/century.html;https://www.rsssf.org/miscellaneous/iffhs-century.html,etl/sources/merit_v31/retrospective/international_century_caps.html;etl/sources/merit_v31/retrospective/iffhs_century.html
P-21188:WC-1962,P-21188,Albert,WC-1962,FW,gain,false,true,98,98,0,career_stature_estimate,career_stature_estimate,pre_1967_retrospective_consensus,european_poy:european_poy winner 1967;iffhs_century:century election: Europe - Player of the Century;iffhs_century:century election: Hungary - Player of the Century;international_century_caps:goals=31;wc_individual_awards_native:Best Young Player WC-1962;wc_individual_awards_native:Golden Boot WC-1962,https://www.rsssf.org/miscellaneous/europa-poy.html;https://www.rsssf.org/miscellaneous/century.html;https://www.rsssf.org/miscellaneous/iffhs-century.html;canonical etl/output/awards.json,etl/sources/merit_v31/retrospective/european_poy.html;etl/sources/merit_v31/retrospective/international_century_caps.html;etl/sources/merit_v31/retrospective/iffhs_century.html;etl/output/awards.json
P-21188:WC-1966,P-21188,Albert,WC-1966,MF,gain,false,true,95,95,0,career_stature_estimate,career_stature_estimate,pre_1967_retrospective_consensus,european_poy:european_poy winner 1967;iffhs_century:century election: Europe - Player of the Century;iffhs_century:century election: Hungary - Player of the Century;international_century_caps:goals=31;wc_individual_awards_native:Best Young Player WC-1962;wc_individual_awards_native:Golden Boot WC-1962,https://www.rsssf.org/miscellaneous/europa-poy.html;https://www.rsssf.org/miscellaneous/century.html;https://www.rsssf.org/miscellaneous/iffhs-century.html;canonical etl/output/awards.json,etl/sources/merit_v31/retrospective/european_poy.html;etl/sources/merit_v31/retrospective/international_century_caps.html;etl/sources/merit_v31/retrospective/iffhs_century.html;etl/output/awards.json
P-24556:WC-1998,P-24556,Raúl,WC-1998,FW,gain,false,true,89,89,0,career_stature_estimate,career_stature_estimate,position_balanced_world_xi_3plus;retrospective_plus_major_fact,esm_team_of_the_season:esm_tots FW 1998;esm_team_of_the_season:esm_tots FW 1999;esm_team_of_the_season:esm_tots MF 1996;iffhs_men_legends:IFFHS Men Legends selection;international_century_caps:caps=102 (1996-2006);international_century_caps:goals=44 (1996-2006);living_legends_2004:2004 living-legends selection;uefa_club_positional:uefa_best_fw 1999;uefa_club_positional:uefa_best_fw 2000;uefa_club_positional:uefa_best_fw 2001,https://www.rsssf.org/miscellaneous/century.html;https://en.wikipedia.org/wiki/ESM_Team_of_the_Season;https://en.wikipedia.org/wiki/UEFA_Club_Football_Awards;https://en.wikipedia.org/wiki/IFFHS_World%27s_Best_Player;https://en.wikipedia.org/wiki/FIFA_100,etl/sources/merit_v31/retrospective/international_century_caps.html;etl/sources/merit_v31/retrospective/esm_team_of_the_season.html;etl/sources/merit_v31/retrospective/uefa_club_positional.html;etl/sources/merit_v31/retrospective/iffhs_worlds_best.html;etl/sources/merit_v31/retrospective/living_legends_2004.html
P-24556:WC-2002,P-24556,Raúl,WC-2002,FW,gain,false,true,89,90,1,career_stature_estimate,career_stature_estimate,position_balanced_world_xi_3plus;retrospective_plus_major_fact,esm_team_of_the_season:esm_tots FW 1998;esm_team_of_the_season:esm_tots FW 1999;esm_team_of_the_season:esm_tots MF 1996;iffhs_men_legends:IFFHS Men Legends selection;international_century_caps:caps=102 (1996-2006);international_century_caps:goals=44 (1996-2006);living_legends_2004:2004 living-legends selection;uefa_club_positional:uefa_best_fw 1999;uefa_club_positional:uefa_best_fw 2000;uefa_club_positional:uefa_best_fw 2001,https://www.rsssf.org/miscellaneous/century.html;https://en.wikipedia.org/wiki/ESM_Team_of_the_Season;https://en.wikipedia.org/wiki/UEFA_Club_Football_Awards;https://en.wikipedia.org/wiki/IFFHS_World%27s_Best_Player;https://en.wikipedia.org/wiki/FIFA_100,etl/sources/merit_v31/retrospective/international_century_caps.html;etl/sources/merit_v31/retrospective/esm_team_of_the_season.html;etl/sources/merit_v31/retrospective/uefa_club_positional.html;etl/sources/merit_v31/retrospective/iffhs_worlds_best.html;etl/sources/merit_v31/retrospective/living_legends_2004.html
P-24556:WC-2006,P-24556,Raúl,WC-2006,FW,gain,false,true,89,89,0,career_stature_estimate,career_stature_estimate,position_balanced_world_xi_3plus;retrospective_plus_major_fact,esm_team_of_the_season:esm_tots FW 1998;esm_team_of_the_season:esm_tots FW 1999;esm_team_of_the_season:esm_tots MF 1996;iffhs_men_legends:IFFHS Men Legends selection;international_century_caps:caps=102 (1996-2006);international_century_caps:goals=44 (1996-2006);living_legends_2004:2004 living-legends selection;uefa_club_positional:uefa_best_fw 1999;uefa_club_positional:uefa_best_fw 2000;uefa_club_positional:uefa_best_fw 2001,https://www.rsssf.org/miscellaneous/century.html;https://en.wikipedia.org/wiki/ESM_Team_of_the_Season;https://en.wikipedia.org/wiki/UEFA_Club_Football_Awards;https://en.wikipedia.org/wiki/IFFHS_World%27s_Best_Player;https://en.wikipedia.org/wiki/FIFA_100,etl/sources/merit_v31/retrospective/international_century_caps.html;etl/sources/merit_v31/retrospective/esm_team_of_the_season.html;etl/sources/merit_v31/retrospective/uefa_club_positional.html;etl/sources/merit_v31/retrospective/iffhs_worlds_best.html;etl/sources/merit_v31/retrospective/living_legends_2004.html
P-45774:WC-1982,P-45774,Madjer,WC-1982,FW,gain,false,true,89,91,2,career_stature_estimate,career_stature_estimate,retrospective_plus_major_fact,african_poy:african_poy winner 1987;iffhs_century:century election: Africa - Player of the Century;iffhs_men_legends:IFFHS Men Legends selection,https://www.rsssf.org/miscellaneous/afr-poy.html;https://www.rsssf.org/miscellaneous/iffhs-century.html;https://en.wikipedia.org/wiki/IFFHS_World%27s_Best_Player,etl/sources/merit_v31/retrospective/african_poy.html;etl/sources/merit_v31/retrospective/iffhs_century.html;etl/sources/merit_v31/retrospective/iffhs_worlds_best.html
P-45774:WC-1986,P-45774,Madjer,WC-1986,FW,gain,false,true,88,89,1,career_stature_estimate,career_stature_estimate,retrospective_plus_major_fact,african_poy:african_poy winner 1987;iffhs_century:century election: Africa - Player of the Century;iffhs_men_legends:IFFHS Men Legends selection,https://www.rsssf.org/miscellaneous/afr-poy.html;https://www.rsssf.org/miscellaneous/iffhs-century.html;https://en.wikipedia.org/wiki/IFFHS_World%27s_Best_Player,etl/sources/merit_v31/retrospective/african_poy.html;etl/sources/merit_v31/retrospective/iffhs_century.html;etl/sources/merit_v31/retrospective/iffhs_worlds_best.html
P-51336:WC-2006,P-51336,Sneijder,WC-2006,MF,loss,true,false,89,89,0,career_stature_estimate,career_stature_estimate,,esm_team_of_the_season:esm_tots MF 2009;international_century_caps:caps=134 (2003-2018);international_century_caps:goals=31 (2003-2018);uefa_club_positional:uefa_best_mf 2009;wc_individual_awards_native:Bronze Boot WC-2010;wc_individual_awards_native:Silver Ball WC-2010,https://www.rsssf.org/miscellaneous/century.html;https://en.wikipedia.org/wiki/ESM_Team_of_the_Season;https://en.wikipedia.org/wiki/UEFA_Club_Football_Awards;canonical etl/output/awards.json,etl/sources/merit_v31/retrospective/international_century_caps.html;etl/sources/merit_v31/retrospective/esm_team_of_the_season.html;etl/sources/merit_v31/retrospective/uefa_club_positional.html;etl/output/awards.json
P-51336:WC-2010,P-51336,Sneijder,WC-2010,MF,loss,true,false,91,91,0,career_stature_estimate,career_stature_estimate,,esm_team_of_the_season:esm_tots MF 2009;international_century_caps:caps=134 (2003-2018);international_century_caps:goals=31 (2003-2018);uefa_club_positional:uefa_best_mf 2009;wc_individual_awards_native:Bronze Boot WC-2010;wc_individual_awards_native:Silver Ball WC-2010,https://www.rsssf.org/miscellaneous/century.html;https://en.wikipedia.org/wiki/ESM_Team_of_the_Season;https://en.wikipedia.org/wiki/UEFA_Club_Football_Awards;canonical etl/output/awards.json,etl/sources/merit_v31/retrospective/international_century_caps.html;etl/sources/merit_v31/retrospective/esm_team_of_the_season.html;etl/sources/merit_v31/retrospective/uefa_club_positional.html;etl/output/awards.json
P-51336:WC-2014,P-51336,Sneijder,WC-2014,MF,loss,true,false,91,91,0,career_stature_estimate,career_stature_estimate,,esm_team_of_the_season:esm_tots MF 2009;international_century_caps:caps=134 (2003-2018);international_century_caps:goals=31 (2003-2018);uefa_club_positional:uefa_best_mf 2009;wc_individual_awards_native:Bronze Boot WC-2010;wc_individual_awards_native:Silver Ball WC-2010,https://www.rsssf.org/miscellaneous/century.html;https://en.wikipedia.org/wiki/ESM_Team_of_the_Season;https://en.wikipedia.org/wiki/UEFA_Club_Football_Awards;canonical etl/output/awards.json,etl/sources/merit_v31/retrospective/international_century_caps.html;etl/sources/merit_v31/retrospective/esm_team_of_the_season.html;etl/sources/merit_v31/retrospective/uefa_club_positional.html;etl/output/awards.json
P-52002:WC-1954,P-52002,Santos,WC-1954,DF,gain,false,true,93,93,0,career_stature_estimate,career_stature_estimate,pre_1967_retrospective_consensus,living_legends_2004:2004 living-legends selection;research_wc_all_star:WC All-Star Team WC-1954;research_wc_all_star:WC All-Star Team WC-1958;research_wc_all_star:WC All-Star Team WC-1962,https://en.wikipedia.org/wiki/FIFA_100;research note cites public player pages in its rows,etl/sources/merit_v31/retrospective/living_legends_2004.html;etl/sources/merit_v31/retrospective/research_wc_all_star.json
P-52002:WC-1958,P-52002,Santos,WC-1958,DF,gain,false,true,91,91,0,career_stature_estimate,career_stature_estimate,pre_1967_retrospective_consensus,living_legends_2004:2004 living-legends selection;research_wc_all_star:WC All-Star Team WC-1954;research_wc_all_star:WC All-Star Team WC-1958;research_wc_all_star:WC All-Star Team WC-1962,https://en.wikipedia.org/wiki/FIFA_100;research note cites public player pages in its rows,etl/sources/merit_v31/retrospective/living_legends_2004.html;etl/sources/merit_v31/retrospective/research_wc_all_star.json
P-52002:WC-1962,P-52002,Santos,WC-1962,DF,gain,false,true,95,95,0,career_stature_estimate,career_stature_estimate,pre_1967_retrospective_consensus,living_legends_2004:2004 living-legends selection;research_wc_all_star:WC All-Star Team WC-1954;research_wc_all_star:WC All-Star Team WC-1958;research_wc_all_star:WC All-Star Team WC-1962,https://en.wikipedia.org/wiki/FIFA_100;research note cites public player pages in its rows,etl/sources/merit_v31/retrospective/living_legends_2004.html;etl/sources/merit_v31/retrospective/research_wc_all_star.json
P-52002:WC-1966,P-52002,Santos,WC-1966,DF,gain,false,true,91,91,0,career_stature_estimate,career_stature_estimate,pre_1967_retrospective_consensus,living_legends_2004:2004 living-legends selection;research_wc_all_star:WC All-Star Team WC-1954;research_wc_all_star:WC All-Star Team WC-1958;research_wc_all_star:WC All-Star Team WC-1962,https://en.wikipedia.org/wiki/FIFA_100;research note cites public player pages in its rows,etl/sources/merit_v31/retrospective/living_legends_2004.html;etl/sources/merit_v31/retrospective/research_wc_all_star.json
P-53882:WC-1954,P-53882,Ocwirk,WC-1954,MF,gain,false,true,97,97,0,career_stature_estimate,career_stature_estimate,pre_1967_retrospective_consensus,iffhs_century:century election: Austria - Player of the Century;iffhs_century:century election: Europe - Player of the Century,https://www.rsssf.org/miscellaneous/iffhs-century.html,etl/sources/merit_v31/retrospective/iffhs_century.html
P-61703:WC-1998,P-61703,Eto'o,WC-1998,FW,gain,false,true,85,86,1,career_stature_estimate,career_stature_estimate,position_balanced_world_xi_3plus;retrospective_plus_major_fact,african_poy:african_poy winner 2003;african_poy:african_poy winner 2004;african_poy:african_poy winner 2005;african_poy:african_poy winner 2010;esm_team_of_the_season:esm_tots FW 2004;esm_team_of_the_season:esm_tots FW 2005;esm_team_of_the_season:esm_tots FW 2008;esm_team_of_the_season:esm_tots FW 2010;iffhs_men_legends:IFFHS Men Legends selection;uefa_club_positional:uefa_best_fw 2005,https://en.wikipedia.org/wiki/ESM_Team_of_the_Season;https://en.wikipedia.org/wiki/UEFA_Club_Football_Awards;https://www.rsssf.org/miscellaneous/afr-poy.html;https://en.wikipedia.org/wiki/IFFHS_World%27s_Best_Player,etl/sources/merit_v31/retrospective/esm_team_of_the_season.html;etl/sources/merit_v31/retrospective/uefa_club_positional.html;etl/sources/merit_v31/retrospective/african_poy.html;etl/sources/merit_v31/retrospective/iffhs_worlds_best.html
P-61703:WC-2002,P-61703,Eto'o,WC-2002,FW,gain,false,true,88,89,1,career_stature_estimate,career_stature_estimate,position_balanced_world_xi_3plus;retrospective_plus_major_fact,african_poy:african_poy winner 2003;african_poy:african_poy winner 2004;african_poy:african_poy winner 2005;african_poy:african_poy winner 2010;esm_team_of_the_season:esm_tots FW 2004;esm_team_of_the_season:esm_tots FW 2005;esm_team_of_the_season:esm_tots FW 2008;esm_team_of_the_season:esm_tots FW 2010;iffhs_men_legends:IFFHS Men Legends selection;uefa_club_positional:uefa_best_fw 2005,https://en.wikipedia.org/wiki/ESM_Team_of_the_Season;https://en.wikipedia.org/wiki/UEFA_Club_Football_Awards;https://www.rsssf.org/miscellaneous/afr-poy.html;https://en.wikipedia.org/wiki/IFFHS_World%27s_Best_Player,etl/sources/merit_v31/retrospective/esm_team_of_the_season.html;etl/sources/merit_v31/retrospective/uefa_club_positional.html;etl/sources/merit_v31/retrospective/african_poy.html;etl/sources/merit_v31/retrospective/iffhs_worlds_best.html
P-61703:WC-2010,P-61703,Eto'o,WC-2010,FW,gain,false,true,89,89,0,career_stature_estimate,career_stature_estimate,position_balanced_world_xi_3plus;retrospective_plus_major_fact,african_poy:african_poy winner 2003;african_poy:african_poy winner 2004;african_poy:african_poy winner 2005;african_poy:african_poy winner 2010;esm_team_of_the_season:esm_tots FW 2004;esm_team_of_the_season:esm_tots FW 2005;esm_team_of_the_season:esm_tots FW 2008;esm_team_of_the_season:esm_tots FW 2010;iffhs_men_legends:IFFHS Men Legends selection;uefa_club_positional:uefa_best_fw 2005,https://en.wikipedia.org/wiki/ESM_Team_of_the_Season;https://en.wikipedia.org/wiki/UEFA_Club_Football_Awards;https://www.rsssf.org/miscellaneous/afr-poy.html;https://en.wikipedia.org/wiki/IFFHS_World%27s_Best_Player,etl/sources/merit_v31/retrospective/esm_team_of_the_season.html;etl/sources/merit_v31/retrospective/uefa_club_positional.html;etl/sources/merit_v31/retrospective/african_poy.html;etl/sources/merit_v31/retrospective/iffhs_worlds_best.html
P-61703:WC-2014,P-61703,Eto'o,WC-2014,FW,gain,false,true,84,85,1,career_stature_estimate,career_stature_estimate,position_balanced_world_xi_3plus;retrospective_plus_major_fact,african_poy:african_poy winner 2003;african_poy:african_poy winner 2004;african_poy:african_poy winner 2005;african_poy:african_poy winner 2010;esm_team_of_the_season:esm_tots FW 2004;esm_team_of_the_season:esm_tots FW 2005;esm_team_of_the_season:esm_tots FW 2008;esm_team_of_the_season:esm_tots FW 2010;iffhs_men_legends:IFFHS Men Legends selection;uefa_club_positional:uefa_best_fw 2005,https://en.wikipedia.org/wiki/ESM_Team_of_the_Season;https://en.wikipedia.org/wiki/UEFA_Club_Football_Awards;https://www.rsssf.org/miscellaneous/afr-poy.html;https://en.wikipedia.org/wiki/IFFHS_World%27s_Best_Player,etl/sources/merit_v31/retrospective/esm_team_of_the_season.html;etl/sources/merit_v31/retrospective/uefa_club_positional.html;etl/sources/merit_v31/retrospective/african_poy.html;etl/sources/merit_v31/retrospective/iffhs_worlds_best.html
P-63826:WC-1930,P-63826,Andrade,WC-1930,MF,gain,false,true,97,97,0,career_stature_estimate,career_stature_estimate,pre_1967_retrospective_consensus,iffhs_century:century election: South America - Player of the Century;iffhs_century:century election: Uruguay - Player of the Century,https://www.rsssf.org/miscellaneous/iffhs-century.html,etl/sources/merit_v31/retrospective/iffhs_century.html
P-65885:WC-1938,P-65885,Piola,WC-1938,FW,gain,false,true,98,98,0,career_stature_estimate,career_stature_estimate,pre_1967_retrospective_consensus,iffhs_century:century election: Europe - Player of the Century;iffhs_century:century election: Italy - Player of the Century;international_century_caps:goals=30;wc_individual_awards_native:Silver Boot WC-1938,https://www.rsssf.org/miscellaneous/century.html;https://www.rsssf.org/miscellaneous/iffhs-century.html;canonical etl/output/awards.json,etl/sources/merit_v31/retrospective/international_century_caps.html;etl/sources/merit_v31/retrospective/iffhs_century.html;etl/output/awards.json
P-70989:WC-1954,P-70989,Bozsik,WC-1954,MF,gain,false,true,97,97,0,career_stature_estimate,career_stature_estimate,pre_1967_retrospective_consensus,iffhs_century:century election: Europe - Player of the Century;iffhs_century:century election: Hungary - Player of the Century;international_century_caps:caps=101 (1947-1962),https://www.rsssf.org/miscellaneous/century.html;https://www.rsssf.org/miscellaneous/iffhs-century.html,etl/sources/merit_v31/retrospective/international_century_caps.html;etl/sources/merit_v31/retrospective/iffhs_century.html
P-70989:WC-1958,P-70989,Bozsik,WC-1958,DF,gain,false,true,92,92,0,career_stature_estimate,career_stature_estimate,pre_1967_retrospective_consensus,iffhs_century:century election: Europe - Player of the Century;iffhs_century:century election: Hungary - Player of the Century;international_century_caps:caps=101 (1947-1962),https://www.rsssf.org/miscellaneous/century.html;https://www.rsssf.org/miscellaneous/iffhs-century.html,etl/sources/merit_v31/retrospective/international_century_caps.html;etl/sources/merit_v31/retrospective/iffhs_century.html
P-72011:WC-2014,P-72011,Hazard,WC-2014,MF,loss,true,false,89,89,0,career_stature_estimate,career_stature_estimate,,esm_team_of_the_season:esm_tots MF 2014;esm_team_of_the_season:esm_tots MF 2018;international_century_caps:caps=126 (2008-2022);international_century_caps:goals=33 (2008-2022);wc_individual_awards_native:Silver Ball WC-2018,https://www.rsssf.org/miscellaneous/century.html;https://en.wikipedia.org/wiki/ESM_Team_of_the_Season;canonical etl/output/awards.json,etl/sources/merit_v31/retrospective/international_century_caps.html;etl/sources/merit_v31/retrospective/esm_team_of_the_season.html;etl/output/awards.json
P-72011:WC-2018,P-72011,Hazard,WC-2018,FW,loss,true,false,91,90,-1,career_stature_estimate,career_stature_estimate,,esm_team_of_the_season:esm_tots MF 2014;esm_team_of_the_season:esm_tots MF 2018;international_century_caps:caps=126 (2008-2022);international_century_caps:goals=33 (2008-2022);wc_individual_awards_native:Silver Ball WC-2018,https://www.rsssf.org/miscellaneous/century.html;https://en.wikipedia.org/wiki/ESM_Team_of_the_Season;canonical etl/output/awards.json,etl/sources/merit_v31/retrospective/international_century_caps.html;etl/sources/merit_v31/retrospective/esm_team_of_the_season.html;etl/output/awards.json
P-72011:WC-2022,P-72011,Hazard,WC-2022,FW,loss,true,false,88,88,0,career_stature_estimate,career_stature_estimate,,esm_team_of_the_season:esm_tots MF 2014;esm_team_of_the_season:esm_tots MF 2018;international_century_caps:caps=126 (2008-2022);international_century_caps:goals=33 (2008-2022);wc_individual_awards_native:Silver Ball WC-2018,https://www.rsssf.org/miscellaneous/century.html;https://en.wikipedia.org/wiki/ESM_Team_of_the_Season;canonical etl/output/awards.json,etl/sources/merit_v31/retrospective/international_century_caps.html;etl/sources/merit_v31/retrospective/esm_team_of_the_season.html;etl/output/awards.json
P-80105:WC-2002,P-80105,Ibrahimović,WC-2002,FW,gain,false,true,86,90,4,career_stature_estimate,career_stature_estimate,position_balanced_world_xi_3plus;retrospective_plus_major_fact,esm_team_of_the_season:esm_tots FW 2006;esm_team_of_the_season:esm_tots FW 2007;esm_team_of_the_season:esm_tots FW 2012;esm_team_of_the_season:esm_tots FW 2013;iffhs_men_legends:IFFHS Men Legends selection;international_century_caps:caps=122 (2001-2023);international_century_caps:goals=62 (2001-2022);swedish_footballer_of_year:national_player_of_year: Guldbollen 2005;swedish_footballer_of_year:national_player_of_year: Guldbollen 2007;swedish_footballer_of_year:national_player_of_year: Guldbollen 2008;swedish_footballer_of_year:national_player_of_year: Guldbollen 2009;swedish_footballer_of_year:national_player_of_year: Guldbollen 2010;swedish_footballer_of_year:national_player_of_year: Guldbollen 2011;swedish_footballer_of_year:national_player_of_year: Guldbollen 2012;swedish_footballer_of_year:national_player_of_year: Guldbollen 2013;swedish_footballer_of_year:national_player_of_year: Guldbollen 2014;swedish_footballer_of_year:national_player_of_year: Guldbollen 2015;swedish_footballer_of_year:national_player_of_year: Guldbollen 2016;swedish_footballer_of_year:national_player_of_year: Guldbollen 2020,https://www.rsssf.org/miscellaneous/zwedpoy.html;https://www.rsssf.org/miscellaneous/century.html;https://en.wikipedia.org/wiki/ESM_Team_of_the_Season;https://en.wikipedia.org/wiki/IFFHS_World%27s_Best_Player,etl/sources/merit_v31/retrospective/swedish_footballer_of_year.html;etl/sources/merit_v31/retrospective/international_century_caps.html;etl/sources/merit_v31/retrospective/esm_team_of_the_season.html;etl/sources/merit_v31/retrospective/iffhs_worlds_best.html
P-80105:WC-2006,P-80105,Ibrahimović,WC-2006,FW,gain,false,true,88,90,2,career_stature_estimate,career_stature_estimate,position_balanced_world_xi_3plus;retrospective_plus_major_fact,esm_team_of_the_season:esm_tots FW 2006;esm_team_of_the_season:esm_tots FW 2007;esm_team_of_the_season:esm_tots FW 2012;esm_team_of_the_season:esm_tots FW 2013;iffhs_men_legends:IFFHS Men Legends selection;international_century_caps:caps=122 (2001-2023);international_century_caps:goals=62 (2001-2022);swedish_footballer_of_year:national_player_of_year: Guldbollen 2005;swedish_footballer_of_year:national_player_of_year: Guldbollen 2007;swedish_footballer_of_year:national_player_of_year: Guldbollen 2008;swedish_footballer_of_year:national_player_of_year: Guldbollen 2009;swedish_footballer_of_year:national_player_of_year: Guldbollen 2010;swedish_footballer_of_year:national_player_of_year: Guldbollen 2011;swedish_footballer_of_year:national_player_of_year: Guldbollen 2012;swedish_footballer_of_year:national_player_of_year: Guldbollen 2013;swedish_footballer_of_year:national_player_of_year: Guldbollen 2014;swedish_footballer_of_year:national_player_of_year: Guldbollen 2015;swedish_footballer_of_year:national_player_of_year: Guldbollen 2016;swedish_footballer_of_year:national_player_of_year: Guldbollen 2020,https://www.rsssf.org/miscellaneous/zwedpoy.html;https://www.rsssf.org/miscellaneous/century.html;https://en.wikipedia.org/wiki/ESM_Team_of_the_Season;https://en.wikipedia.org/wiki/IFFHS_World%27s_Best_Player,etl/sources/merit_v31/retrospective/swedish_footballer_of_year.html;etl/sources/merit_v31/retrospective/international_century_caps.html;etl/sources/merit_v31/retrospective/esm_team_of_the_season.html;etl/sources/merit_v31/retrospective/iffhs_worlds_best.html
P-87008:WC-2014,P-87008,Neymar,WC-2014,FW,loss,true,false,91,90,-1,career_stature_estimate,career_stature_estimate,,esm_team_of_the_season:esm_tots FW 2017;international_century_caps:caps=128 (2010-2023);international_century_caps:goals=79 (2010-2023);south_american_poy:south_american_poy winner 2011;south_american_poy:south_american_poy winner 2012;south_american_poy_placements:sam_2nd_place 2013;south_american_poy_placements:sam_3rd_place 2010;wc_individual_awards_native:Bronze Boot WC-2014,https://www.rsssf.org/miscellaneous/century.html;https://en.wikipedia.org/wiki/ESM_Team_of_the_Season;https://www.rsssf.org/miscellaneous/sam-poy.html;canonical etl/output/awards.json,etl/sources/merit_v31/retrospective/international_century_caps.html;etl/sources/merit_v31/retrospective/esm_team_of_the_season.html;etl/merit/raw/rsssf/sam-poy.html;etl/output/awards.json
P-87008:WC-2018,P-87008,Neymar,WC-2018,FW,loss,true,false,91,90,-1,career_stature_estimate,career_stature_estimate,,esm_team_of_the_season:esm_tots FW 2017;international_century_caps:caps=128 (2010-2023);international_century_caps:goals=79 (2010-2023);south_american_poy:south_american_poy winner 2011;south_american_poy:south_american_poy winner 2012;south_american_poy_placements:sam_2nd_place 2013;south_american_poy_placements:sam_3rd_place 2010;wc_individual_awards_native:Bronze Boot WC-2014,https://www.rsssf.org/miscellaneous/century.html;https://en.wikipedia.org/wiki/ESM_Team_of_the_Season;https://www.rsssf.org/miscellaneous/sam-poy.html;canonical etl/output/awards.json,etl/sources/merit_v31/retrospective/international_century_caps.html;etl/sources/merit_v31/retrospective/esm_team_of_the_season.html;etl/merit/raw/rsssf/sam-poy.html;etl/output/awards.json
P-87008:WC-2022,P-87008,Neymar,WC-2022,FW,loss,true,false,90,89,-1,career_stature_estimate,career_stature_estimate,,esm_team_of_the_season:esm_tots FW 2017;international_century_caps:caps=128 (2010-2023);international_century_caps:goals=79 (2010-2023);south_american_poy:south_american_poy winner 2011;south_american_poy:south_american_poy winner 2012;south_american_poy_placements:sam_2nd_place 2013;south_american_poy_placements:sam_3rd_place 2010;wc_individual_awards_native:Bronze Boot WC-2014,https://www.rsssf.org/miscellaneous/century.html;https://en.wikipedia.org/wiki/ESM_Team_of_the_Season;https://www.rsssf.org/miscellaneous/sam-poy.html;canonical etl/output/awards.json,etl/sources/merit_v31/retrospective/international_century_caps.html;etl/sources/merit_v31/retrospective/esm_team_of_the_season.html;etl/merit/raw/rsssf/sam-poy.html;etl/output/awards.json
P-98569:WC-1954,P-98569,Hanappi,WC-1954,DF,gain,false,true,96,96,0,career_stature_estimate,career_stature_estimate,pre_1967_retrospective_consensus,iffhs_century:century election: Austria - Player of the Century;iffhs_century:century election: Europe - Player of the Century,https://www.rsssf.org/miscellaneous/iffhs-century.html,etl/sources/merit_v31/retrospective/iffhs_century.html
P-98569:WC-1958,P-98569,Hanappi,WC-1958,DF,gain,false,true,92,92,0,career_stature_estimate,career_stature_estimate,pre_1967_retrospective_consensus,iffhs_century:century election: Austria - Player of the Century;iffhs_century:century election: Europe - Player of the Century,https://www.rsssf.org/miscellaneous/iffhs-century.html,etl/sources/merit_v31/retrospective/iffhs_century.html
P-87008:WC-2026,P-87008,Neymar,WC-2026,FW,loss,true,false,91,90,-1,career_stature_estimate,career_stature_estimate,,esm_team_of_the_season:esm_tots FW 2017;international_century_caps:caps=128 (2010-2023);international_century_caps:goals=79 (2010-2023);south_american_poy:south_american_poy winner 2011;south_american_poy:south_american_poy winner 2012;south_american_poy_placements:sam_2nd_place 2013;south_american_poy_placements:sam_3rd_place 2010;wc_individual_awards_native:Bronze Boot WC-2014,https://www.rsssf.org/miscellaneous/century.html;https://en.wikipedia.org/wiki/ESM_Team_of_the_Season;https://www.rsssf.org/miscellaneous/sam-poy.html;canonical etl/output/awards.json,etl/sources/merit_v31/retrospective/international_century_caps.html;etl/sources/merit_v31/retrospective/esm_team_of_the_season.html;etl/merit/raw/rsssf/sam-poy.html;etl/output/awards.json
P-W26-0050:WC-2026,P-W26-0050,Alaba,WC-2026,DF,loss,true,false,92,90,-2,career_stature_estimate,career_stature_estimate,,active_captaincy:national-team captain — captains Austria (first captained the side in 2017);active_club_season_honors:UEFA Champions League title with final participation — Bayern Munich 2012-13 winner; started/played the 2013 final;active_club_season_honors:UEFA Champions League title with final participation — Bayern Munich 2019-20 winner; started/played the 2020 final;active_club_season_honors:UEFA Champions League title with final participation — Real Madrid 2021-22 winner; started/played the 2022 final;esm_team_of_the_season:esm_tots DF 2013;international_century_caps:caps=111 (2009-2025),https://en.wikipedia.org/wiki/ESM_Team_of_the_Season;https://www.rsssf.org/miscellaneous/century.html,etl/sources/merit_v31/retrospective/esm_team_of_the_season.html;etl/sources/merit_v31/retrospective/international_century_caps.html
