era,display_value,old_count,new_count,count_delta,old_share,new_share,share_delta
historical,66,292,292,0,0.026611,0.026611,0
historical,68,431,431,0,0.039278,0.039278,0
historical,69,80,79,-1,0.007291,0.007199,-0.000091
historical,70,443,443,0,0.040372,0.040372,0
historical,71,1944,1942,-2,0.177162,0.17698,-0.000182
historical,72,1677,1675,-2,0.15283,0.152647,-0.000182
historical,73,712,713,1,0.064887,0.064978,0.000091
historical,74,352,349,-3,0.032079,0.031805,-0.000273
historical,75,241,241,0,0.021963,0.021963,0
historical,76,302,302,0,0.027522,0.027522,0
historical,77,295,295,0,0.026884,0.026884,0
historical,78,244,244,0,0.022236,0.022236,0
historical,79,421,424,3,0.038367,0.03864,0.000273
historical,80,347,347,0,0.031623,0.031623,0
historical,81,241,239,-2,0.021963,0.021781,-0.000182
historical,82,189,190,1,0.017224,0.017315,0.000091
historical,83,240,238,-2,0.021872,0.02169,-0.000182
historical,84,265,260,-5,0.02415,0.023695,-0.000456
historical,85,155,214,59,0.014126,0.019502,0.005377
historical,86,262,226,-36,0.023877,0.020596,-0.003281
historical,87,231,232,1,0.021052,0.021143,0.000091
historical,88,1243,1222,-21,0.113278,0.111364,-0.001914
historical,89,99,104,5,0.009022,0.009478,0.000456
historical,90,68,71,3,0.006197,0.00647,0.000273
historical,91,50,49,-1,0.004557,0.004466,-0.000091
historical,92,29,35,6,0.002643,0.00319,0.000547
historical,93,27,22,-5,0.002461,0.002005,-0.000456
historical,94,15,14,-1,0.001367,0.001276,-0.000091
historical,95,13,15,2,0.001185,0.001367,0.000182
historical,96,6,6,0,0.000547,0.000547,0
historical,97,15,14,-1,0.001367,0.001276,-0.000091
historical,98,36,36,0,0.003281,0.003281,0
historical,99,8,9,1,0.000729,0.00082,0.000091
projected_2026,66,34,34,0,0.027287,0.027287,0
projected_2026,68,50,50,0,0.040128,0.040128,0
projected_2026,69,10,10,0,0.008026,0.008026,0
projected_2026,70,52,52,0,0.041734,0.041734,0
projected_2026,71,227,226,-1,0.182183,0.18138,-0.000803
projected_2026,72,195,196,1,0.156501,0.157303,0.000803
projected_2026,73,80,79,-1,0.064205,0.063403,-0.000803
projected_2026,74,43,43,0,0.03451,0.03451,0
projected_2026,75,28,28,0,0.022472,0.022472,0
projected_2026,76,35,35,0,0.02809,0.02809,0
projected_2026,77,36,36,0,0.028892,0.028892,0
projected_2026,78,28,28,0,0.022472,0.022472,0
projected_2026,79,49,48,-1,0.039326,0.038523,-0.000803
projected_2026,80,40,41,1,0.032103,0.032905,0.000803
projected_2026,81,28,28,0,0.022472,0.022472,0
projected_2026,82,21,22,1,0.016854,0.017657,0.000803
projected_2026,83,28,28,0,0.022472,0.022472,0
projected_2026,84,30,29,-1,0.024077,0.023274,-0.000803
projected_2026,85,17,24,7,0.013644,0.019262,0.005618
projected_2026,86,30,26,-4,0.024077,0.020867,-0.00321
projected_2026,87,27,27,0,0.021669,0.021669,0
projected_2026,88,138,136,-2,0.110754,0.109149,-0.001605
projected_2026,89,5,4,-1,0.004013,0.00321,-0.000803
projected_2026,90,3,7,4,0.002408,0.005618,0.00321
projected_2026,91,4,2,-2,0.00321,0.001605,-0.001605
projected_2026,92,2,1,-1,0.001605,0.000803,-0.000803
projected_2026,93,1,1,0,0.000803,0.000803,0
projected_2026,95,1,1,0,0.000803,0.000803,0
projected_2026,96,1,1,0,0.000803,0.000803,0
projected_2026,97,1,1,0,0.000803,0.000803,0
projected_2026,98,2,2,0,0.001605,0.001605,0
pooled,66,326,326,0,0.02668,0.02668,0
pooled,68,481,481,0,0.039365,0.039365,0
pooled,69,90,89,-1,0.007366,0.007284,-0.000082
pooled,70,495,495,0,0.040511,0.040511,0
pooled,71,2171,2168,-3,0.177674,0.177429,-0.000246
pooled,72,1872,1871,-1,0.153204,0.153122,-0.000082
pooled,73,792,792,0,0.064817,0.064817,0
pooled,74,395,392,-3,0.032327,0.032081,-0.000246
pooled,75,269,269,0,0.022015,0.022015,0
pooled,76,337,337,0,0.02758,0.02758,0
pooled,77,331,331,0,0.027089,0.027089,0
pooled,78,272,272,0,0.02226,0.02226,0
pooled,79,470,472,2,0.038465,0.038628,0.000164
pooled,80,387,388,1,0.031672,0.031754,0.000082
pooled,81,269,267,-2,0.022015,0.021851,-0.000164
pooled,82,210,212,2,0.017186,0.01735,0.000164
pooled,83,268,266,-2,0.021933,0.021769,-0.000164
pooled,84,295,289,-6,0.024143,0.023652,-0.000491
pooled,85,172,238,66,0.014076,0.019478,0.005401
pooled,86,292,252,-40,0.023897,0.020624,-0.003274
pooled,87,258,259,1,0.021115,0.021196,0.000082
pooled,88,1381,1358,-23,0.113021,0.111138,-0.001882
pooled,89,104,108,4,0.008511,0.008839,0.000327
pooled,90,71,78,7,0.005811,0.006384,0.000573
pooled,91,54,51,-3,0.004419,0.004174,-0.000246
pooled,92,31,36,5,0.002537,0.002946,0.000409
pooled,93,28,23,-5,0.002292,0.001882,-0.000409
pooled,94,15,14,-1,0.001228,0.001146,-0.000082
pooled,95,14,16,2,0.001146,0.001309,0.000164
pooled,96,7,7,0,0.000573,0.000573,0
pooled,97,16,15,-1,0.001309,0.001228,-0.000082
pooled,98,38,38,0,0.00311,0.00311,0
pooled,99,8,9,1,0.000655,0.000737,0.000082
